Article_id,credibility
6,626
6,1251
8,1297
10,3140
12,32965946263547556
23,11019960577
23,11019961361
25,17954249857319356
27,5308417
28,3429742097
29,2342560001
29,2342605370
33,10001
35,168823196162
36,21336152766
39,34639249483142
42,50627
43,110834940663010
46,213813760001
47,193877777
49,12897917762
50,32167139908
51,4941277927762196
54,25856961618
54,25856961618
242,1536953621
247,31220161
248,2562890626
249,252047377
253,130331
254,1500627
255,1146228738
255,1146232962
259,405
264,9117385
268,108243217
269,35153043
270,2560001
271,655360001
272,236421377
274,166726039043
278,187388747
280,9150626
290,33157576593203
291,1458057
293,626
296,82
301,108243217
303,50306044965131200
305,408576278248493
307,34807119456843484
308,3167016641949234
309,50734335241
311,106016083745409
312,17482410936236
313,17372042626802
314,8706760755569
315,511320441465
316,2526687246682
317,71306645315
319,567558291241
319,567558244158
320,44224744506
321,42110733683
322,6410
323,12054789
324,545859701860319
325,1003876257
326,49098158
328,19007435841
330,719499738
332,358993970355
333,14776341
334,550499723632
336,125255745356803
336,125255745233095
337,64545190862854
339,9189418862709976
340,9827665991
344,193098316984
348,559840650642
349,6738586106991
351,1275989846
358,4016847890156670
359,6856422200739769
368,46848781890322
369,3404274208130
568,1030339075969647
569,2635105727151846
570,1335878320464271
571,27710264197
572,746005468445
573,5326168580594957
574,124514618943184
575,9150795
576,3344350114889017
578,56189692257335
579,1530003991452
580,842853502245
584,127368318070
586,677037733272076
587,549781089331337
590,156344339159200
591,57289771
592,1316601329
593,97017297638276
594,1309034013457803
595,17194591990309518
596,12960065
597,351263078291
599,8515566127322
600,12043565235038
606,6571
612,730532960408
615,188537247689
616,910
617,5283919
618,3141
620,815375174493698
621,6149346397315
623,22998771560
624,100336200032145024
625,4082680559273
627,483431234909077
628,108938393165407
629,588450824
630,6668448037
632,5338202333322
633,563543354409054
634,2511379440805
639,1119107407491431
640,885808997380872
642,20419814523
642,20419828539
643,302238632995
644,279843
645,1698584548
649,8222793800
650,138730623784
651,6591251455225
652,1868099187
653,194450718164568
654,1121263
655,33473565126380
656,56128796025922
657,18408083925370
658,980796822267
659,240905849158
661,998219678862
662,581686652652653
663,2737295818586297
664,42643778892910
665,4344332924003
666,5182427114220
668,6222725515
668,6222735060
669,82
670,168865628077309152
673,83940213595
674,820674748886505
675,33489931212
675,33489990219
676,38650170411742
677,46517822095927
678,392526339350
679,89044242507
680,2057482580624
681,252997324138
682,8599831671446
682,8599831669014
683,8233546895
684,20589036
685,22432628834863
689,4616118502454080
690,65096531515778
691,144457589903124
696,14244935649
696,14244933030
697,145599609552799
698,98993163023124
699,680270777
700,1288041486878819
701,3345331108701316
703,18631641320007
704,648439470460
705,727323772962
706,10633483184777
707,583599176
707,583612475
708,75281773952
709,5755878911
710,19170838837
711,6225525286030
712,41147374830087
713,59159650520786
715,41799803953
717,1553781353664931
718,219820129582
719,422855381688484
728,63529913272
730,345459912317
734,189445873188
735,686
736,1024237549399124352
736,1024237549346995968
737,5493156175055312
738,822068908181793
740,115687498387145
741,1378396323318021
742,3662186321
744,19443304799101584
746,528907062565243
748,214941345756143
749,2019964658
751,665552199886847
752,1264113079409554
753,16381447341468
755,5764811
759,2342560001
762,84934657
764,35874057365
765,59153067177118856
766,15769159695
768,109061646
769,33863518116388
770,7111010085644564
771,95327302897475264
772,492284769388
773,7139673636285836
775,1309782377736629
776,13332551201
777,52096308850
779,362203080
780,398448156855
782,382795000237
783,14741660584585616
784,6731335990374
785,15485549077588
786,84522734888
787,19803053449
788,833742226
789,29508726011
791,684715560027185
791,684715559854250
794,56385352360
795,70916224369
798,1134506487434
799,4946579061664
800,1173933947678899
801,1072635570
802,436586147441816
803,272987200637177280
804,395255003
806,2997206699500886
808,4609167499024154
809,5676566275569
813,230639102326
814,2495203092
815,238730944427
816,1908030123
818,855036611
819,479785541
819,479785281
820,112550882
821,2562283309
822,25600852684295812
824,348822569648113
825,1327779001787
826,12149330178
826,12149333898
827,145865941777
828,4581175175432
832,390635
835,157351946
839,161
840,142310894954814
841,154104236686354880
842,593542900780
843,108510894016604
844,521990905237860
846,14081328
848,508615094389909
849,103576980001855
850,110443467934776
851,5181594509081
852,3204725215079325
853,6706031363593
854,122509060685284
855,680903894
856,11828664483074230
857,166063613679402
858,65541
859,37527218927
860,28387693
862,1547152855368613
863,29722677937415760
864,9523880936942934
865,31300858858324
866,7519580801262
868,2597639073655
869,4421819981266
870,2855783141073
872,79590927526781
873,24010290
873,24043857
874,26340758971015380
875,1656428904
876,44308496053145
876,44308496035946
877,924418625490
878,4706099954406
880,7796212610252176
881,9658630619764
882,11789514003
883,175984332
884,188050158314
885,28886836
886,285238392458419
887,794868338485483
887,794868338457962
887,794868338434862
888,11237610613376
889,558958790047
890,36639472847942
891,630
892,5189689403
893,2093542506717364736
893,2093542506717189120
894,57515188151851
894,57515188144726
895,82191887491467
896,9993311460543
897,54291182572216
898,26809864193942
899,601547680344
900,2714987615295
901,189030545299
901,189030567898
902,642513290133777
903,566898196487
904,1202393001727071
905,715563684
906,6092615311999
909,152782752470836
909,152782752411920
910,1607889935
911,131258358141
912,14776401
913,53140781994533
914,258439401078
914,258439405203
915,234267729378
917,1335117310
918,303595858
920,66494896454
921,399909733959
922,41315801592754
923,104981
924,10236333662792
925,31585671889
926,33861
926,34149
927,321445873079186
928,94445629739741
929,50317324683
930,1030722569807
931,522013546891690
931,522013546834423
932,2533604524
933,8833244408
944,3373402662
948,543765744
951,10440059445362074
952,2439280223621
952,2439280210460
953,4653662674
954,234451573441537
955,11847197812
956,5566905698212
957,41995037602
958,240106419346
959,1220873706
960,376486472309
963,9563349466830
964,1493384
965,3176131213
966,962481545
967,2118875361
968,5120261240
969,228390240320
972,1533111759682
974,6375991764095
975,11332541236613
978,2123311936794
980,28450604928602
981,350307140133088
981,350307140098501
982,2711701881
983,393229274140408
983,393229274096248
984,288921944325531
985,300155666
986,16095311497009616
988,114112983017
989,1455993367257301
991,18750856095631
992,6084730353684
993,107175358790
994,888410240
999,225977229343208
1000,958917448322649
1002,36517608956026
1003,406677875571
1004,3577196571669
1005,1705659995915
1006,161047976527461
1007,43071574325095
1008,22601714920986
1009,23185210501715
1010,41708619516307
1011,31888667597386
1012,45945188696624
1013,31463813620019
1014,18023509466985384
1016,4415852580215
1017,3741318214775847
1018,72731403803
1019,377966672745810
1020,122530361489756
1021,11764576138
1022,1215581932394497
1023,6762365982092184
1027,29947330039510
1028,2690371157947
1029,228910717524898
1030,65854593276861
1032,1002055844324
1033,24065852746442
1034,44446641485497
1035,2684464399
1036,1099949230863
1038,65234406964678
1043,241555576
1044,5111850707357
1046,103912105982
1046,103912110782
1047,2655660162434
1049,12747979202
1050,27430814049028
1051,20338864885794
1052,126400110272229
1053,380757434
1055,1194980972125
1057,358218301690
1058,4153547263798
1059,196165532
1063,365623208648
1064,27569055697027
1070,272866237976
1071,404953499013
1077,3206011367
1078,47270679248087088
1087,67122964598
1099,13206836323
1100,14003408961
1101,3963766432731
1109,18954319798
1110,2764047490
1111,45751195116
1112,72414811640
1113,202428478
1114,65992047
1117,10426196503168
1120,424125260011
1121,479785221
1121,479785361
1122,1275990038
1125,91506250485
1126,70344300642
1126,70344339435
1127,21957462525
1129,15676323973677
1130,3514622162363150
1132,1358254014526669
1133,38456879096493
1134,791333003034
1135,10034046103996
1136,89732697
1140,17253887511122
1141,235250363629
1142,589149698439
1142,589149694908
1143,285878826423489
1144,22276650804
1146,2928178716459
1147,17132296715
1148,1147030365291267
1152,173383594586
1153,519885611
1154,18627015838874
1155,3946181829
1158,687244859670
1159,274185964202313
1160,807613016939
1162,6261802940364196
1164,1152534991326305
1164,1152534990797297
1166,31218086239
1167,674337546106
1168,261581663178620
1169,6191785845
1170,258309520844008
1171,82346334963647
1173,2613726579327
1174,379090353457334
1175,52077178391470
1175,52077177877742
1176,4815031858
1177,3311346834475266
1178,282989213452151
1181,739729802369
1181,739729798625
1182,453089718557726
1183,13698215237796
1184,71639313
1187,116748546715
1189,832635164944
1190,208613359597
1191,4989303322
1192,8508512128
1193,88195847540
1194,478691609
1196,31162219464589
1197,6980331800
1198,2507891507463
1198,2507891551815
1199,166797430
1200,430458672804
1201,1621432063796110
1202,29262799318
1203,3971216039957392
1203,3971216039632907
1204,152750471721
1204,152750474353
1205,18
1206,673390197605403
1207,126656034400651
1208,379257803557082
1209,375482005943
1210,1622093485414
1212,876836000887
1213,263205396782
1214,10192905618508530
1215,51509379
1216,4447522065988256
1217,4831376414095
1225,12444741146
1227,274314214923
1234,1877940188
1235,722195558453
1237,48391364992977
1239,898221867888687
1240,34393859306589
1241,82154168087687
1242,35908409386621
1245,1072693733
1246,13248034800
1246,13248034416
1247,568688254958
1252,255465331235645
1254,49692696662393
1255,1941
1256,7651026543139
1257,453403106621
1259,17339679420145
1260,36383716332221
1261,22110226256029
1261,22110225932514
1262,457059523
1264,327205872486
1265,1506138626
1267,112099348373
1268,60873
1270,22746929882
1271,3971429877474
1273,13300511003156730
1274,428396963738
1275,30255126290
1276,1537652779
1277,808339570200
1277,808339565829
1278,1012812298
1279,153070812550
1280,22761730
1282,705730
1285,6999764654011
1286,30992194834530
1288,6437883928579558
1289,2529273798274
1289,2529273828994
1291,13399712099329
1292,507395953160
1293,88396342335
1295,85800551
1298,2804146771482
1300,21857706976094
1301,31557219164
1301,31557220981
1302,4441684095423
1303,967081953794
1304,6082805758
1305,1506605705
1306,455384454816964
1307,24853269772123
1309,2852602197
1311,63685667659
1312,946346237
1312,946350665
1313,802081066598
1314,3
1315,6670129967064007
1316,178247043416
1317,120567485585711
1318,1586981025
1320,96059618
1322,15507009027
1324,568669955038
1325,43765880935
1327,41738975099349
1327,41738975069157
1328,147469
1330,3048807956
1331,30849813299
1332,18350110024469
1333,39050756478650
1334,31300388577507
1335,698913307978
1336,386681031383
1337,82
1338,29227352015883
1344,95853159020
1346,2290395550485
1347,2751391711318079
1348,1104836814126452
1349,3894362062921
1350,37695564
1352,1464022709
1353,10241515852
1354,156531919147663
1355,1047904066
1356,5315595170
1357,478324518432
1358,556258072639993
1359,2173985201
1360,30424151819
1361,63794685150530
1362,2710440224
1363,593517131589
1364,3050682980381
1365,1338921552472425
1365,1338921552284649
1366,6346857609235
1366,6346857619075
1367,127120787449175
1368,276722107482983
1369,222959229765
1370,100205329325992
1371,17624912842
1372,164021028544175
1373,14362697650
1374,101041040618
1375,175093627339427
1376,2602238264807
1377,1875943862
1379,645046433712
1380,525186561540
1381,17648765813659
1382,1294849461
1383,1037632275520
1384,2926487193555
1386,83915011758
1387,6238843731470
1388,39796378368434
1389,1048489339694
1391,87057193
1392,9256447496
1392,9256445221
1393,1998519917351
1394,3137454577390
1395,17817139235548
1397,111367595580059744
1398,140088203834265
1399,161234
1400,230060982051852
1404,1473111527
1406,48864868
1408,15752311709897
1409,104453415556
1412,16608926960084
1415,151807142
1416,21020360177683
1417,119098306488681
1417,119098306136953
1418,17909007301717
1419,3280298367481
1420,157352109
1422,1431155131616
1423,653578309165596
1425,709859788298261
1428,200020306851
1432,154200726090
1433,251373894092
1434,5170089474
1435,112658048811
1436,3671209849380806
1437,2606670056096
1438,1014441935757
1439,149474143
1440,22865306872564
1441,6482527691
1442,60037767798918
1442,60037767218283
1444,40513811922
1445,175474929005706
1446,24340370706211
1446,24340370716711
1447,2057167047006
1448,44782756856741
1449,4883751350042
1451,329988107865924
1453,16444979500312
1456,19715037700088
1458,1206973109192954
1460,5008416747692
1461,930358685004046
1462,35775453706
1465,166498
1466,4668346782320
1478,9482153641490
1482,6796028698
1484,44682966569
1485,113844524766
1486,126934909404280
1487,134291222546
1488,274447177122
1490,21596274453186
1491,48532280054549
1493,22256692941285
1494,4912698158951491
1495,343613614990580
1496,23795803704753
1497,37524587319913
1498,18526907607142
1499,19552782742547
1499,19552782441779
1500,5688901492
1501,65833188
1502,91527670
1503,13082254
1504,70650589727
1505,109923321
1506,36423092
1507,11119350
1508,133442840022
1509,696753377367
1511,180713410866
1512,6633516202
1513,204336902593
1514,6086933572266
1515,13053337294
1515,13053351894
1516,662547833
1517,1800814133
1519,17972321947515
1519,17972321640715
1520,27369882579478
1522,303595858
1523,3993581819961
1525,1346238746419060
1526,55424002784
1526,55424003639
1527,20532365194
1528,1397676496
1528,1397678656
1529,329698573111
1530,61562774357557
1531,85293203665
1535,10469749026
1536,23046525661
1537,12709258581281712
1538,6761447044
1539,1217657628662
1540,23722909526634
1541,62636268811462
1542,18883624626706
1543,6493395187
1544,6208276595871
1545,374722676428
1546,1756916469972
1547,27667185
1548,407044917418
1549,119609624747
1550,1133592714452
1551,88550989936
1552,7611867416
1553,10532491860
1554,416356103390
1556,452657277069
1557,35020603729635
1558,23062834977346
1559,66243756723
1560,402901412136738
1562,334985090462
1563,2727347336
1564,72906985969
1564,72906984945
1565,5578342476
1566,210906691871197
1567,23546672576
1568,5815296056367
1569,37421001040
1569,37421000903
1570,45841993458336
1571,64976215823
1572,2872102573
1573,9760775640749
1574,422500232913
1575,1292256497678
1576,4486118303708
1577,244241187448
1578,6828617439
1579,145235099845
1580,101296748842
1580,101296959601
1581,65302609009
1583,4313075803051
1584,825553960065
1585,16136623025
1586,17657659735
1587,10124385013
1588,15195838448
1589,221481562207
1590,1110507429476254
1591,459937418185089
1592,69001300436018
1593,1061130256625
1594,296507923074
1595,601711518960
1596,951514790944
1597,15138128
1597,15138063
1598,174794987
1599,174985026011
1600,946510599298
1601,9104456504533
1602,305686784
1603,83768432
1604,23383303
1605,584297276
1606,1865283288042
1607,2788654032
1608,258
1608,2021
1610,26414
1611,34423
1612,1429596161
1613,13133956654834
1614,1705497037
1615,102503963373
1616,1224091710164
1617,125704288129
1620,7834267468296
1622,12609609
1623,1941102360967481
1624,366516318897314
1625,140929788263643
1627,2767110091901758
1628,42768196936719
1629,45736423776479
1633,14841089352045
1634,38429042045442
1635,10615267748824
1636,2217374246
1637,3350139725
1638,61308961
1639,23760375635011
1640,683538179524193
1641,18166726753
1642,3070087474677
1643,4230635760
1644,427453982548872
1645,1529591285020865
1647,48936696257
1648,62749248269
1649,8313878661562
1650,17278820115133
1651,17
1652,58105182824
1653,117678112875647
1654,984775691
1655,11047641847
1656,65404994938
1657,14539238546021
1658,457985166696
1659,2161283033802
1660,1570223667790
1661,5924412165378
1662,360787510373
1663,54585211
1664,29779309637
1665,1191389
1667,635
1667,8030
1668,96059602
1669,2196114359
1670,149679229524
1670,149679234221
1673,3335582323
1674,27982933218
1676,3401391544485
1677,5828856826656
1678,274734973
1679,4043744785825
1680,23243855004
1682,5531945
1683,30219121919
1684,16595832596
1685,216866827529
1686,4803512413688
1687,1876068713391
1688,67434358549962
1689,222197697
1690,56547832239
1691,12699965
1692,11222721
1693,7221867628
1694,5784083
1695,1700169177016652
1696,9357554
1697,1831660063997
1697,1831660056132
1698,920288022431
1699,7960920
1700,7054796193
1701,461902535571837
1702,40994253
1710,23000292515758
1711,18414730807170
1714,267873252
1715,821109954659650
1716,95516612142
1717,451941576552
1718,9316805814
1719,9050799263291
1719,9050799253688
1721,10750883378852
1722,54259666519571
1723,9787890192
1724,2096822088537
1725,6225030031
1726,3815194892709
1727,10659251789305
1728,241204573201
1729,783090223
1730,12171305379
1731,25583374116963
1732,225309511599
1733,5234918542390
1734,1285162323878
1735,459423105165
1736,152563190565
1737,2360965007346
1738,1554793180
1740,450186679
1741,462624975439
1742,3769702
1743,14527590
1745,627
1745,642
1746,285999277
1747,3235697692
1748,17566855893
1749,6885571605
1750,549079560318070
1751,310377156
1752,2325323607
1753,27789935256933
1754,625774408
1755,439972549187
1756,53181285505168
1758,278390667948
1759,1556590879
1760,174858300958
1761,322273201428
1761,322273222756
1762,9040295216761
1763,230045674
1764,1448963001
1765,1274414205
1766,83
1767,1002009331714
1768,4232029724
1769,1298
1770,285812119363690
1773,910198895052
1774,5348174058113
1776,1020712537169
1777,21553028690444
1778,5155413703615
1779,1011777345
1781,25790788761234
1783,126919523349868
1784,7757763552260976
1786,6384170218378
1787,25968638593877
1788,498124842
1789,2220925488865
1789,2220925490582
1790,1793162636445
1791,172652095163649
1793,20971652243688
1794,14104294861304
1797,370576439118
1798,2031514298372
1799,3387599379
1800,129584275074825
1801,8992539539
1802,14068687355
1805,95613829444842
1806,8444956335728125
1807,5589144359
1809,733631731
1810,5128037037
1810,5128036557
1810,5128037202
1811,27878506
1812,107892035031471
1814,1174122266305287
1820,870780125521
1820,870780120626
1822,44866060838241
1823,149978065702
1824,1212116
1825,164454675576
1826,16419540198755
1827,34978428888282
1828,1016452127257369
1830,161
1832,51860836801
1834,177646102083
1835,426108096795
1837,1376608764407
1839,227831911394
1840,68777939999
1841,5064759839164
1842,4177757034762
1844,752875474567408
1845,649691496614811
1847,382800062886
1848,1681613
1848,1682348
1849,16741773356
1851,312050010446
1853,1005255272440
1854,325261798207000
1855,488799214311441
1857,25747277617138
1858,203940837
1859,255340420992899
1860,19356878706
1862,34944306023469
1864,13998675801092
1866,3573197181
1869,2296795725084
1870,63091539
1871,10465239390819
1871,10465239379059
1872,178250529876
1873,83404719466
1874,1315014300211
1875,26730173953
1876,1494348563
1877,56676389
1878,495062538376
1878,495062530351
1879,92143927268
1880,26111559630
1881,15130674041522
1884,4569448231325896
1885,676454127642
1885,676454128321
1887,67972084
1889,5351068814
1890,914682551294896
1893,510616721324
1894,6823565407
1896,9718315555721
1897,429144481042905
1898,13251388786
1899,39097953362695
1902,59641913601029
1905,1264872388911
1906,1864282198
1906,1864282693
1908,339283544
1909,38613825913
1910,8913540997847
1911,883613322545
1911,883613360849
1912,22663065845
1913,10710457592
1913,10710468365
1914,111938231678759
1915,223294218196
1916,3352436522
1919,319792934
1920,15190939019
1921,37694792485736152
1923,1492586761567
1924,3224703568
1925,411991936912
1926,45666684850
1927,58203306893
1927,58203303869
1928,96313370
1930,48362780300228088
1931,5555732592
1933,8158003382
1933,8158020203
1934,2332087941897
1935,8169811
1936,759333137
1937,14231834842463
1938,3191064578671256064
1939,105381899046
1940,9388200458
1941,5319983021381
1942,564678840802401
1943,234140565559940
1944,5906349007491702
1945,1805927711160279
1946,177009493447
1947,19242929
1948,19581895455637
1948,19581895377356
1949,360504995987
1950,3840427198556376
1951,22371653822156
1952,557545
1952,557520
1955,12416183794810
1957,423430095504230
1959,439007276
1959,439007324
1959,439007456
1960,3226115467
1961,99883681920867776
1962,8515030820476
1963,1664351177115
1965,133173312510423
1966,1399169938912
1967,14901977740339
1968,10377370303083
1969,6443013592569897
1970,3641923293713
1971,12191079656000
1972,148875245
1973,1982253821173020
1974,17239959516030
1975,11471159137282
1976,463613806
1977,6228133454290
1978,5068319315
1979,41975545796547
1980,895887997946574
1981,733297988711938
1985,1028610250
1986,21628178783
1988,2091433858491
1990,26896777664044
1991,509314824
1994,63114003016
1997,58474749941204
1998,1969870909755838
2002,118965667901
2003,13331063745152
2004,1496880377
2006,1475384635648846
2007,1078917862137962
2009,8083370909868
2009,8083370889820
2011,13589265916960588
2014,187361394
2014,187361405
2015,424598264660
2017,894958057400
2018,2820375881936
2019,2584210052019
2020,232318990957
2021,88765752684
2023,126952149264513
2024,78707491919
2025,12838024225
2026,11523084105581
2027,45080945322294
2028,228991370
2029,90598631803
2030,1313996259635832
2032,338416478509
2036,6292109004436
2037,10965946052803
2038,4061832377
2039,50989368729445
2041,16367288978122
2042,17345087091829
2043,56004475451668
2045,295106516021
2047,5044647822950787
2049,314536445035
2050,627
2051,33369790753
2052,28495342142000
2053,8931938837715
2057,2137665
2061,13733632808826
2062,6669277189840
2063,24392428919
2064,35272811215710
2065,495718682875471
2067,1460107866970240
2070,41035178998588
2071,68911
2075,110710799972213
2076,13072978588419
2077,1166757714764
2078,31708828496469
2079,258
2080,21153322439001
2082,571377391664
2083,1712070763579
2084,3659749866593487
2085,380950870150043
2086,36832820731
2087,67059012832
2088,41423815295703
2089,38483147900
2090,1732250072104
2093,55325596246
2094,752427794
2095,4644345627
2099,748011247484
2100,3393175253756
2101,740298751212713
2102,1171387429571357
2103,1437553691983126
2104,39499988980970
2106,1109337463040
2108,2247222552988
2110,1400528092204
2112,2753201310998
2113,692778107359
2114,13012269729589
2115,19679906293484
2116,2583489096227398
2117,1764332867683
2118,3979375285501
2120,762068955
2120,762075219
2121,548624649477
2122,1112438270004356
2123,500440793
2125,41464808005
2126,19221458768350
2127,46936526
2128,65120290570179
2129,399365958133596
2130,2102356705986518
2132,6765206
2134,1861145069431707
2136,14635501678393
2137,15461082552137
2138,51648302
2139,112922969911397
2140,3604811321893445
2141,2035740729346341
2142,149051131294
2144,695675430790578
2145,109754829225
2147,17921870140650
2148,2263892938848
2149,2241158712737
2150,91355453
2151,61611932267
2152,3360138358147186
2153,493005314234
2154,224187566661285600
2155,1366805551
2156,7870917384031451
2160,5350485592334
2161,23957519404
2161,23957539039
2162,172851596498836
2163,486868401439
2164,13456116
2165,43314209
2165,43543614
2166,173258192341
2167,21504260949
2170,1406053615221
2171,362197631692
2174,3553203026257578
2175,42181779450390
2176,119151666556403
2178,1382719946212068
2179,1098374749836
2180,177392154443
2185,857131265104268
2186,2081390495116
2187,143642073793782
2188,2356908489
2190,11316513
2190,11318178
2192,20539920217080
2193,11491084643403
2194,28645920390912
2195,18462089818216
2196,33451735971892
2197,183304452065184
2198,853000025312
2199,130905040096678
2200,14152620801
2201,15195121952
2201,15195121413
2202,2378545260675
2203,22624239436057
2204,2608304022198790
2205,24235897639
2206,38417
2207,33699251664
2208,2649626380068
2209,26152421123
2210,1491142815110
2210,1491142815110
2213,2705857642
2215,757563068720033
2216,119741359289026
2217,66354160048104
2218,227287125280
2219,3737563518478272
2221,212371623369
2222,823891051511907
2224,35803043067363
2226,11054265365923
2227,25270787
2230,165136227226
2232,78052067629
2233,34545904900714
2234,1066727278332748
2235,535825502
2236,12687431788992
2237,1033277097716
2238,71459145914
2239,9120883032178
2240,1173215683
2241,126967437335656
2242,35879855710
2243,6617740381377
2244,292750917720
2245,153474857553
2246,6780079388517
2247,10318786612408
2249,4190306
2250,3382261314455187
2251,362382680205
2254,296045965615
2254,296045970799
2255,4477521
2257,944848780126715
2259,43842122374
2264,972194777
2268,4617717441122
2269,456978
2270,9540814736721
2271,477968935
2273,2036444722430522
2274,25490179531805
2278,310257022908
2279,28350376115744
2282,1287186588163
2283,535258609265
2284,490977925700
2286,9208240065503
2287,507073601966
2288,22482944912
2289,1070073997266
2290,134943
2290,164183
2293,15240514569648
2295,186268084
2296,740703364711
2299,1168558934
2300,20188380067205
2303,2188624391616618
2303,2188624391463322
2304,33215716136
2305,7349379329367
2306,9116621443
2306,9116623298
2306,9116621362
2308,66418794934
2308,66418794685
2310,75019959134125
2313,85182085380
2314,1130456942298
2315,35220545890001
2316,1551985760485
2318,11278971853669
2319,15236828
2320,88529538
2321,714952004562903
2322,18098961612
2323,1646729154948
2326,23750690867094
2328,140027350613726
2329,22340716
2330,30015267308
2331,748537840
2332,42523935494
2333,615756413707
2335,1309751796844
2338,42199384506046
2339,8395233434
2340,16373507938
2341,58728927450
2343,336750214030
2345,7626261592884
2346,1353169604939
2348,23695061747578
2348,23695061740362
2349,945143165688
2355,122509767
2356,31403332482280
2356,31403331539380
2357,1849498925814704
2357,1849498925567856
2358,545648113190131
2359,100715388975
2360,173475556814
2362,1195881766605130
2363,2294021941389
2368,156211393210557
2368,156211393368021
2369,83021842285658
2371,55901042908482
2372,19884387577
2375,2612807986392265
2376,3381351784814
2377,4026398155847603
2379,109181803
2380,16144605302457
2380,16144605296738
2381,3783136264
2382,404480278982
2383,88560158670
2384,74390859398
2386,2079622764391409
2388,3904939900735847
2389,29315928750
2390,1461898771538
2391,801486605204
2392,2182669596969
2393,6092876510676
2394,15466525243
2395,18035980284928
2396,22537443044200
2397,89429168133330
2398,87448186493
2399,1705718405034
2400,557981260645887
2400,557981261387922
2402,143375300476150
2403,1736166080201367
2405,522402196284
2406,3678786292326
2408,23551640847809
2409,2622351334
2409,2622360369
2411,5814206220720
2412,1515410333
2414,513200684265
2415,31085204175908
2416,8039470481146
2417,278336043339790
2418,34225155970235
2419,28783518
2420,53827160847461288
2420,53827160847060664
2421,45212202
2421,45212241
2422,10602877813852
2425,1911290577293721
2427,350133547745
2427,350133635297
2428,13613235764319
2429,111728438
2431,862847790605
2432,70986010653
2433,1854024316421
2434,1769
2435,303080766061
2436,293858328171
2439,92079274789
2440,230750308925
2441,17668463102
2442,253374776720103
2443,913848322078
2444,347866548157
2446,22667131
2447,2756777187387427
2448,386693248194
2452,481213787
2452,481217228
2453,389430806
2457,720405196084410
2459,94193745
2460,431191180826325
2461,796721479
2463,240091430256585
2465,2957183871335
2466,7498051714643
2467,709985855602
2467,709985852431
2469,943983139
2469,944094334
2470,421542510
2471,23207173034
2472,37706502512133
2473,54999056554
2474,31652019200
2475,1264681796
2475,1264686299
2475,1264683044
2476,6088764482
2477,2266590296
2478,2359899563
2482,8983386480215
2483,15174699867078
2484,3193114860
2486,31937401144
2487,5106675926
2489,579364908
2490,2273002709
2493,6985906869178280
2494,9548934085325
2495,71639322
2496,279858
2499,187903645591779
2500,3377699592329
2501,510113888
2502,6491807420
2503,42713830180942
2504,80107769986370
2506,24167551263
2508,4577439530701146
2509,146410170
2510,804169132498
2511,36233208439
2512,2610258731289
2514,225781399573
2519,453865148770
2520,184421168176
2523,15091556
2524,53500690530262
2524,53500690554778
2525,2
2526,31179072793
2528,10605968624
2529,3581053556
2531,106879240
2533,734
2534,123218681832679
2536,6061241332
2537,45113852
2537,45113691
2539,66199278029744
2539,66199277989407
2542,3055522
2543,5146689576195
2544,4102416327814
2546,6280719537288
2547,46570071732706
2551,9829194569
2552,218582669038
2553,2269343932264
2557,106751
2558,367171809226
2559,10022622171
2560,1373569705625
2561,50070477
2563,19889836302434
2564,28170634873706
2565,1091
2568,83
2572,227216
2573,81905280133
2574,9772552478
2575,336624482987597
2577,478066505825
2578,4732664195
2580,42235479
2581,2648765664787
2582,15550551
2583,296452666353
2584,1445900795
2585,5242318
2586,49773093
2589,60
2589,228
2592,404595900919
2593,1099513205430637
2594,2278929592998982
2597,26694379795252
2598,21925531010231
2599,98264159
2599,98264312
2602,29380752100
2603,4824136921
2603,4824148849
2604,8256134
2605,21215756
2606,13103035888
2607,130536842548
2608,6085265373565
2609,335732611661
2610,82701867876
2612,1971656157
2613,962821478869
2616,610989256556
2617,47666046786637
2618,15911184516724026
2619,5483847891
2620,1625940192
2621,1548086482
2622,32894227124
2622,33094673588
2623,2877302569
2624,1243426437985100
2626,319216917110
2627,784467632106497
2628,1007231365575
2629,49305752806
2630,441902836
2631,1990584637316
2632,10585898522
2633,14989107989
2634,75750416722
2635,75559720
2637,224175484990
2638,16564945
2639,2638213285658
2640,223351935989
2641,107088068626
2642,164249507284373
2643,5802783013
2644,84402451842
2645,3519387332507
2646,127856723032
2647,47637624
2654,5133395034
2661,763182425794
2662,395318792821
2663,28585375229
2664,170991257282
2664,170991256313
2665,26855562917
2666,2280732977925166
2667,102383479419
2668,585238977616
2670,6178410509898
2671,8969700059532
2672,253478338
2673,6004614014853
2673,6004614054264
2674,176022998041
2674,176023001737
2675,10835812
2676,98029971141957
2677,2421742729
2678,261118982901
2679,517818196
2680,916557124
2680,916565708
2681,125269037709
2682,151845829534
2683,180129242389
2684,399505841
2685,33713449379
2686,195058569279
2687,1047365872574
2687,1047365877569
2688,24708244527911
2689,58069671508
2690,99378123
2691,57401679577
2692,108831363873
2693,127350738135962
2694,1557717376869
2695,22073701857108
2696,5017679613
2697,83
2698,182569999799
2699,851884799732
2700,3882537782
2701,883215874291
2702,424547222
2703,102646363067109
2704,3755754034572885
2705,42926727900833
2707,154140866
2709,614634032185845
2709,614634032128810
2710,26349155282
2711,287708426304625
2712,2381281627306
2713,4330869218
2714,470829868834
2715,14619557950352
2716,22237826966
2717,24407978537
2718,10735596260006
2719,786017369
2720,82322054551
2721,26317990047956
2722,21064105546
2723,62821331481740
2724,2288036928814
2725,2
2726,56228924856
2728,358477607
2729,538005076
2732,38816479172
2733,32667651862348
2734,20326271268647
2735,40332637117967
2736,2369898198112
2738,2585797993063
2739,2416607970
2740,57535403461
2741,16041063199
2742,226954613
2745,33942663242127
2746,10405088334
2747,150490627268
2749,260697880713
2751,19554104
2752,128551472457641
2753,2853475251209
2754,49237233508
2756,3824344676972
2758,117629796749
2759,2009359
2760,43931793
2761,18269812932682
2762,9626954877
2763,535556531759
2764,115323420287
2766,41996724571
2766,41996726611
2766,41996792854
2767,8949492863089
2768,75875753
2769,7345881435
2770,33308387465
2771,441238290998253
2778,244425675049412
2779,350878207144942
2780,1998739116846
2781,3407799413400
2782,6300287280385
2783,6691219369944
2784,13924097070572
2785,17748848536
2786,17442202352005
2787,103640113847565
2788,1144318229898
2790,106288196487471
2790,106288196444792
2792,705376077818286
2795,635976012280480
2799,289590573205
2802,1035960147614
2803,32888383863709
2803,32888383769389
2804,181063976
2807,98058855870697
2809,10714102
2810,28548836101
2812,2734257582558
2813,921903920213
2815,6360165887641
2819,48278802879810
2820,30978412515
2822,97923983128
2823,5649833419459
2824,14572755589189
2826,3700968605
2827,8888931096
2828,22785405707
2829,141158166
2830,8890171172
2832,1337706592859055
2833,44340295
2834,726724248104990
2835,551685768237
2836,285033707531
2836,285033710659
2837,7691386
2838,3076398889125
2839,63029706106733
2840,155344391530
2842,3111697
2843,5801412734
2844,89149254425692
2846,216168024762
2847,409538794988564
2848,987027890
2849,62059101446937
2850,3959652253
2851,10641410801893
2853,315796699
2854,14545891125
2854,14545888173
2856,29413281349
2858,826199667819
2861,819906660027734
2862,32864953353
2864,280166469928743
2865,126435815433
2866,46604703891
2867,722302604821060
2868,35282903002
2868,35282902737
2869,45450254017
2870,52286530957642
2871,173153737
2872,1251446534
2873,83
2875,15839706479194
2876,3746
2877,3067961503363
2877,3067961721316
2878,9771975297
2880,104978
2881,106503537488
2883,131381803505
2885,369443231333
2889,1441191857794
2889,1441191858229
2890,543888146607
2893,12456514842681
2894,769733465
2896,6765458
2897,561919528
2899,51090872520
2899,51090871944
2900,52242981037
2902,12444741173
2904,37454485
2905,55177775208277
2906,9377526872350
2907,7525658310
2908,27773999472
2909,15431021033466932
2911,43712863934680
2912,2054446358
2913,401820085175
2914,258
2915,2250460931
2916,19835706882
2916,19835708497
2917,409642155241
2919,1954412748193
2920,3367846368
2923,56866941074490
2925,66085990468168
2926,17
2927,19202652232098
2928,1984354228264
2929,3896686
2934,476576947297022
2935,923024172
2936,270787533447
2938,4215344
2939,4483776521
2940,6859027364278
2941,236218241243
2942,20384760074633
2943,21172066324168
2944,42613584688213256
2945,3450417647
2947,47459098886
2948,243194954153
2950,365960952681
2952,2212711306026
2953,545678928563970
2955,197766249716
2956,39963689230
2957,28254224296
2959,979309000562
2961,74754974545054
2963,2146708541395457
2964,499835643
2965,510906306746165
2966,1068458967
2968,62002450
2968,62003719
2969,61
2969,26304
2970,26899577
2971,6793150676
2972,14745341182326
2973,1202070512718160
2974,7681774120199
2975,7718657640758
2978,752983882042988
2980,805992201
2981,72882798287
2983,742953418284484
2984,7026764205
2985,16848683
2986,1155572080800
2987,12863675678448
2988,15682512099749
2989,48356723493910
2990,1882925
2991,1002039
2992,3155430665551
2994,16976594458331
2995,789843664725844
2997,62676288117
2999,94445087963
3000,18990064120
