6,0.00016191847824979054
8,0.00017881777562280872
10,1.979777835197414e-05
43,0.003879418232024899
12,0.010637390483014876
51,0.001054185415123067
33,0.0011289965775583691
2028,0.0001109563074032771
1591,0.008930446514497788
1078,0.01122632995603186
2689,0.0009191151592800302
1256,0.0007212498618609185
2376,0.0037140231655416337
23,1.2989196451572327e-07
25,0.010477638790514847
3193,4.125371469819063e-05
1689,0.00036845363910052037
952,0.0005781906715648846
1522,2.664404749454468e-05
2018,0.0003936436378302814
27,0.0001275956395100077
28,9.338518357920198e-07
29,0.00013209725095748593
35,1.6787008043748952e-06
36,3.8102218718210347e-06
1132,0.0027648545667601112
39,0.0013198841227593046
1743,0.001244034053415347
42,6.53644262689539e-05
46,4.904600842114615e-06
47,9.085262648211299e-05
49,2.9311832343591214e-05
50,7.355111202602858e-06
54,2.462186398116314e-08
242,5.498410259740326e-07
247,5.268519031957615e-07
248,8.665462785020252e-08
249,9.493360460115441e-07
253,3.2189433256556896e-08
254,3.0091349805184836e-06
255,2.462186398116314e-08
259,2.9134669868411876e-06
264,9.219109295954569e-05
268,2.462186398116314e-08
269,1.9460609390183192e-05
270,2.462186398116314e-08
271,9.493360460115441e-07
272,2.462186398116314e-08
274,2.462186398116314e-08
278,9.493360460115441e-07
280,2.462186398116314e-08
290,0.006261770124557245
3378,0.00322712971604125
899,0.0020900769883103365
1273,0.006577198128477319
1773,0.000408845571935281
291,2.462186398116314e-08
293,2.462186398116314e-08
296,2.462186398116314e-08
301,2.4505907268682565e-10
303,0.005959610452737047
584,0.002040891861392294
1578,0.00012855522577082527
835,0.0012108896702154495
1325,0.0010555153790320787
3118,0.0016919191682898357
305,0.0029881580949018857
2997,0.0001942063949051749
307,0.019505323491366054
3114,0.00036528317284404
308,0.009019324049711144
2472,0.001092040233760984
3205,0.00015561882229621666
309,0.0003035259113283326
311,2.4372582643137834e-05
958,0.000579822214639885
312,1.246293040561899e-05
313,6.654845653372583e-06
314,5.083497700838296e-06
315,5.000418971241815e-06
316,3.4725294434277393e-06
317,1.1798983865104633e-05
319,2.2271788081949605e-06
320,8.94332214546464e-06
321,1.6668584282910738e-06
322,2.383424602508063e-06
323,2.2271788081949605e-06
324,0.006872400038464859
2705,0.0015462813140220079
3071,0.0003369304185787587
325,1.2718498062601703e-05
326,3.858810277796525e-06
712,0.0012111537466875577
328,2.3722452050485712e-05
330,9.564351123088737e-05
332,0.000110597061741922
333,9.493360460115441e-07
334,0.0003942300368090628
336,0.0013942746203922838
337,0.0024091360622799994
339,0.006979368832146989
2583,5.1494585244344156e-05
340,0.00017991773519211693
344,0.00031043003988392764
348,2.3241916672812782e-07
349,0.0002586930890630888
2630,0.0001394075290503385
3212,0.00875894027099356
351,2.3241916672812782e-07
358,0.0043446643504920866
359,0.000836497399559724
368,0.0001496852039287687
369,9.960267996172766e-05
1926,0.00039556644915891945
568,0.0031812527015780516
901,0.0009705928648059164
569,0.0035372891310446537
570,0.0039513199962002855
1007,0.0028802068294404987
744,0.012272704714811167
2747,0.0008993135906222808
571,1.5140593451865084e-06
572,0.0002846744911155247
1752,0.00016749787849398094
573,0.0060872050740295135
1200,0.0006975799774005076
574,0.00040589055983360266
575,8.398466728011385e-08
576,0.007602801929240872
3376,0.002009365563740895
1183,0.00025759805747715926
2021,0.0003423151271344542
2251,0.00047965148297900856
578,0.0018178986852667555
2009,0.0010916251571320723
579,0.0029670869646445937
580,0.00092193547044691
2240,0.0002162803344410773
586,0.0029131102227177583
2843,0.00016641336846471416
2175,0.0015620591371871542
2269,2.1799517467116604e-05
697,0.001172096540503783
587,0.006489897334696635
3295,0.001735068155869184
2599,9.121436340963723e-05
2597,0.0004883941388226555
590,0.0012651256746207251
591,2.014974514819055e-06
592,3.172259095158764e-06
593,0.00479525714700086
2957,0.0002570714983233825
594,0.003931828341547579
595,0.005221607876075299
596,3.0091349805184836e-06
597,0.0001529118554460983
643,0.00012699534515418534
3168,0.0006142135636224155
599,0.0006961144413002903
600,0.004169651744084618
606,8.966864522896857e-09
612,0.00059646434111019
615,0.0003348396755013933
616,8.00604659405226e-06
617,4.172802613212035e-05
618,1.6342084175718644e-06
620,0.006921705367796682
621,0.0022522246669658577
2392,0.00048099737046227483
623,3.0210149782746787e-05
624,0.010105438373759473
625,0.0004647450991143623
627,0.005022069393281013
1538,0.00021964330061522734
1052,0.0013733731822989572
628,0.003352005372813543
2116,0.001683411308411711
629,1.79366078690219e-07
630,0.0005940165651810837
632,0.00019736776264698503
633,0.0022794842618053908
634,0.000726220034407937
639,0.0013685134064661307
640,0.0003031463967810815
642,0.0003741489217347346
2851,0.0007043017362075687
644,1.2989196451572327e-07
645,0.00012751397604528696
649,0.00010386213578796021
650,8.966591750507263e-06
651,0.001056608272592286
652,5.762578407884258e-05
653,0.0009097599043827262
654,2.710627217839787e-06
655,0.00225656541462702
656,0.0024538963624701534
2442,0.0017890312243755515
657,0.0012787019124576963
1300,0.0011087357301589398
658,0.00017894108320634492
659,0.0007796719290404893
2676,0.00044987595405990483
661,0.0004197203289341192
662,0.0044237946450019746
663,0.0008727247630928289
664,0.002915120565382925
665,0.0009116365321904192
666,0.0012323494834486017
668,0.0001497917951416091
669,2.014974514819055e-06
670,0.004024108250878914
3068,0.0005135406844137794
673,0.0005210698133024969
674,0.0014859555623945209
675,0.0002396172171226093
676,0.0011664487697098846
677,0.0007946951493557166
678,0.00012453992922055045
679,0.0002662223880002594
680,0.0020787434481418605
789,0.00021281782422155797
681,0.0005554135475530058
682,0.0010035457229494486
683,0.00027856641031404565
684,6.999890881743126e-06
685,0.0007243344016430196
689,0.007875774396774211
690,0.0029382093793695763
1057,0.000678607074258616
691,0.002776869001911296
1176,0.000235391283419632
696,0.00012290684900552917
2295,9.381681973941332e-06
698,0.003357634205244232
1239,0.0023510290138466887
699,1.2663955945215135e-06
700,0.0024582414877386835
701,0.003197239275404174
1136,2.0640868715082775e-05
703,0.00019411743428572782
3044,0.000557599323658442
704,9.78915485336649e-05
705,7.840627392274519e-05
706,0.00017237861722010266
707,8.150493880928583e-05
708,0.00012542039494474057
709,0.00014467235097789674
710,5.7974532367953e-05
711,0.000496069820065303
713,0.0016641911465306632
715,9.295012692160075e-06
717,0.004508468298262732
718,0.0007653561248619066
719,0.001874207599977371
1887,4.3913845278868145e-05
728,0.0009956368457816186
730,0.00013083460576986136
734,0.0005209487354848655
735,2.49592553635109e-06
736,0.022088607411888568
2712,0.0002685936209134703
737,0.010804380306047263
878,0.0005745630690190525
3371,0.0005363860261178221
738,0.009286861599491287
740,0.00650049237244234
2178,0.0075270032279986104
741,0.010138987239179624
742,5.007500738440647e-06
1018,0.0002472577518625808
746,0.00584765547553948
748,0.0009014167260458861
749,5.925784425504877e-07
751,0.003580141374376766
1942,0.0018889288358953501
765,0.012755368874905547
752,0.00789590562274224
775,0.0027748752929926106
753,0.0029940863593561524
3123,7.683927482158315e-05
755,5.007500738440647e-06
759,2.014974514819055e-06
762,2.014974514819055e-06
764,0.00015569717855472962
2496,2.9745800487583538e-05
766,9.072983795786567e-05
768,0.00010931598604199455
769,0.002270653017177156
770,0.01167368881024655
951,0.001944509764962409
3222,0.00021872603652202055
771,0.008121024704705812
772,0.0007181657868309254
773,0.0009868604689235103
1254,0.0025825325357256334
918,8.374113885908154e-05
776,4.889580690741564e-06
777,0.0002500962097293291
779,2.2414163818555485e-05
780,0.0007182999800981224
3105,0.0006783713705984461
782,0.0006336104379216635
783,0.014793941914614549
992,0.0010647765307296364
784,0.0006384382228390679
785,0.001227578292488104
786,0.00021650429250693782
787,0.0001085015211846301
788,0.00014006094599307273
791,0.0028775216702399834
794,8.163428333162948e-05
795,0.00022829110196100638
798,0.0006978674578878847
799,0.0005747153920051689
800,0.01453768968856054
1535,5.2873414025890015e-05
2123,0.00013491837792234054
801,0.00010343101941904238
802,0.0023682510181719
803,0.0055547958026776435
804,1.383036594790457e-06
806,0.005508193047932924
1246,0.00018555934282975053
808,0.005602304469718836
809,0.002700481163082161
813,4.894962626251445e-07
814,7.037739441955078e-06
815,5.007500738440647e-06
816,5.007500738440647e-06
818,5.007500738440647e-06
819,5.538659888203792e-06
820,2.014974514819055e-06
821,5.407943602843976e-06
822,2.386123346411107e-05
824,0.0006814427034898978
825,0.0004497048244517585
826,4.4024720427778155e-07
827,1.6374401526736848e-06
828,3.0353869048634236e-06
832,1.6374401526736848e-06
839,6.945062595441839e-06
840,0.0008785944676280399
841,0.004286374751738985
842,0.0007982652086567349
843,0.004080982327992203
844,0.00653354206942809
846,1.3989373493175418e-05
848,0.003428946349331716
849,0.0024937867232812157
850,0.0042887521170662905
851,0.0018150008587394816
2037,0.0008212254399602397
852,0.0060313243016710425
853,0.0006807609208886534
854,0.0014840582469645481
855,0.0002155893892597332
856,0.019241071120252706
857,0.0004441758124802537
858,9.493360460115441e-07
859,0.00017505785766330857
860,2.420572123488982e-06
862,0.0013168008099555678
863,0.012469417165368398
864,0.009343261982493547
865,0.0007131163011462008
866,0.0012877057219583344
868,0.00044994416686363454
869,0.0005580658804312552
870,0.0003659130089191359
872,0.002077294198975684
873,9.82611376511844e-06
874,0.006811960835427355
1372,0.002420422469197441
875,7.829191891423066e-05
876,0.0013950460741099647
1398,0.004925931944122383
877,0.00032951460426510035
2246,0.0008985644427569894
880,0.0069207128616503135
881,0.00016255503572654257
882,7.01847852310047e-05
883,0.00010609199099849157
884,0.00020161654089812404
885,4.7693923714584964e-05
886,0.00305208139457239
887,0.0019217249106789971
888,0.000714601531431481
889,0.0001655088334416659
890,0.002416680659010369
891,5.925784425504877e-07
892,6.565377648116438e-05
893,0.015921613980185798
894,0.0037531339359860787
895,4.193605847360179e-05
896,0.001981363703745099
897,0.0020473246179831903
898,0.001201327244847429
900,0.0006576632834632747
902,0.0063305619966134135
903,0.0004165934748888435
904,0.006146078783030235
905,4.9967430617038085e-05
906,0.0003669684205621413
909,0.0010185341226352843
910,2.237684206810214e-05
911,0.00113075490826941
912,4.9669312527691e-08
1762,0.00024563718494403333
913,0.0037124989492148207
914,0.0010732770362222737
915,0.0003683237668332583
917,6.739728875934442e-06
920,0.0003265084336831236
921,0.0012327490667787798
922,0.0030186067604925466
923,5.925784425504877e-07
924,0.0011042718949544345
925,0.00010241125135007428
926,7.638473827349342e-07
927,0.004576969211200236
1245,1.292208574658979e-05
928,0.0010027044618616766
929,0.00048758293229366075
930,0.0006700556293389688
931,0.00138083022721087
932,0.00023994923830838926
933,0.0006257263168413668
944,7.276511986946581e-07
948,7.374553091815062e-05
953,0.00013149341570410717
954,0.0019205598467901723
955,9.996649029556619e-05
956,0.0005528517394069232
957,0.0002311721615120871
959,1.6903646769941136e-05
960,0.00025895594049268693
963,0.00020385615900355808
964,1.4956196665471325e-05
965,0.00021222456304677804
966,3.475200657011395e-05
967,0.0001520585761612043
968,1.802054527506299e-07
969,0.0005068397086142226
972,0.00048199059815191847
1425,0.0027659962192204874
974,0.001767221109868837
975,2.6804423364981735e-09
978,0.00011705894878611485
980,0.0002675266094399503
981,0.0013738584146223655
982,1.0118893823403662e-05
983,0.0036853684504716123
984,0.003910631881720934
985,4.751927552317428e-06
986,0.0004908976971983664
988,0.000325288865466357
989,0.003267477004640268
1197,0.00044336838544799056
991,0.0007842550734564229
993,0.000564136313962802
2616,0.0022176060575541147
994,9.327978707968233e-05
999,0.0025032751008721953
1000,0.0019233743833462133
1002,0.0008655226943491384
1003,3.422825304344975e-05
1004,0.0019782346329492795
1005,0.001332284975417202
1006,0.002783630460665028
1008,0.002481338625547098
1009,0.0022695861279492966
1010,0.00295033749086266
1011,0.0028288858240205156
1012,0.0026654796443341122
1013,0.0019735804021535786
1014,0.005643658712721435
2329,4.796776838949424e-05
1016,0.000728499548524785
1017,0.004174802259039948
1019,0.002584263439291327
1020,0.0010754357359131707
1021,0.00030138886834106846
1022,0.003282097950721806
1023,0.0031958934740595373
1027,0.002510309438969579
2400,0.005563950069234086
1028,0.0010625165816851214
1029,0.0017075249633874095
1030,0.0014229574083948796
2580,7.276798359246713e-05
1032,0.0005913173568375639
1033,0.0004073674479777911
1034,0.0009832692574638596
1035,5.543733526539439e-05
1036,0.00034270938411428456
1038,0.0014828968667426896
1043,3.468559869361206e-05
1044,0.00024880303391034493
1046,7.27187831197976e-05
1047,0.001139627110216933
1049,0.00040652565669251756
1050,0.0014896014787273832
1051,0.00045770366802586873
1053,1.1561618336730984e-05
1055,0.0006440232262278378
1058,0.0008352334057727157
1059,2.8598491952290285e-05
1063,0.0003267349525319439
1064,0.0015821794445488107
1070,2.955577442093567e-06
1071,0.00010405371074620946
1077,4.168921267005516e-05
2346,0.0001779751340082746
3253,0.0007484080996493543
3136,1.222389024224074e-05
1087,1.6374401526736848e-06
1099,4.4024720427778155e-07
1100,6.807675913885895e-07
1101,1.383036594790457e-06
1109,0.00012676627097464162
1110,3.14039931168288e-05
1111,0.00010050781968778841
1112,0.00011678522182202722
1113,0.00010644224946902519
1114,2.9292227484634394e-05
1117,0.0005484343767611587
1120,6.893444522385684e-07
1121,9.342916091145532e-07
1122,1.1439413235180827e-06
1125,2.3145635085750566e-06
1126,2.341643313043091e-06
2138,5.2661342522400406e-05
1127,2.9224037262293006e-06
1129,0.001978235704265713
1130,0.00259005667374521
1133,0.002288921200242901
1134,0.0007811831133890121
1135,0.0003259701331837984
1140,0.0007220445473818372
1141,0.0004926763982732597
1142,0.0002907176511078663
1143,0.0005348742640890852
1144,0.0002048705594303093
1146,0.0011259832542030858
1147,0.0002177684012294091
1148,0.004295701849698578
2023,0.0013854336494053706
1152,0.00036319894448230846
1153,3.542997932362274e-08
1154,0.002145440067932872
1155,0.0003680219461514849
1158,0.0005744041103358849
1159,0.0009256866277218856
1160,0.00023719751601045173
1162,0.00241556919557834
1164,0.007128571954596057
1190,0.0003211616867783088
1842,0.000612534910430567
1166,0.00033760146347598056
1167,0.0003986035733418395
1168,0.0007379050981589707
1169,0.00034977026706000124
1170,0.002800125062605364
2007,0.003182911222971979
1171,0.001338632281374915
1173,0.0005418711825957729
1174,0.0036704505192902224
1175,0.003274913987915618
1177,0.005183278922229642
1178,0.002901716320865508
1181,0.000273597919370401
1182,0.003452001882119942
3201,0.0013639366533550984
1184,-2.4389978703512946e-22
1187,0.0013204856287878496
1189,0.00015737402971655013
1191,3.085679133902968e-05
1192,5.098699572699228e-05
1193,0.00026573735386557686
1194,0.00018704972176471728
1196,0.0014077369249450651
1198,0.0010669174508230205
1199,5.01374569253839e-06
1201,0.0014867481472802422
1202,0.00037207771284715187
1203,0.0030019242536118962
1204,0.00036926712746348194
1205,1.8162972697309276e-06
1206,0.0006538492433668925
1207,0.002668491905280838
1208,0.004211065559656772
1209,0.0015770258129607698
1210,0.0008669653569510895
1212,0.0025411797907064727
1213,0.00019705738883509216
1214,0.0025369808047149404
2725,8.561152514643074e-06
1215,0.00012117881917132367
1216,0.006714830797732204
1217,0.0013031862924122869
1225,1.383036594790457e-06
1227,0.0003795052599230924
1234,1.1478878011633765e-05
1235,0.0006017927636086098
1237,0.0006700374635093565
1240,0.002077778796096818
1241,0.0022171315858750596
1242,0.0014071238890704955
1247,0.0008862173124749178
1252,0.0019110042923647255
1255,1.344138673327503e-06
1257,0.00037657504094769736
1259,0.0019270374171704231
1260,0.0015273668967820272
1261,0.0021749550689575906
1262,0.0003720122449856367
1264,0.0004038967741899079
1265,8.021278820224238e-07
1267,0.0008698203553056791
1268,4.20295658285175e-06
1270,0.00033714290099675693
1271,0.0005270015405185326
1274,0.0002616089079981751
1275,7.864045035556625e-05
1276,4.441701987706975e-05
1277,9.536901232577216e-05
1278,3.255067512369987e-05
1279,0.00018197312731203652
1280,1.7338567689014438e-05
1282,1.2884938641299242e-05
1285,0.00010401083883582787
1286,0.00021504249576985375
1288,0.001720464497509898
1289,0.000416571852882375
1291,0.0009088156629654163
1292,0.0003178095368346361
1293,9.802155874737302e-05
1295,4.862299906171614e-05
1298,0.0009996114933246698
3110,0.0009521757233450104
1301,0.00010691275525446535
1302,0.0005631359884279514
1303,0.0001875123836084402
1304,0.0001858453056338378
1305,0.00017149782843183962
1306,0.00112678013446666
1307,0.0014344263381808483
1309,7.002023972998285e-05
1311,0.00011925802814526578
1312,0.00021158342158358233
1313,0.00030512409166136116
1314,6.612124000277124e-06
1315,0.0008894015440154686
1316,0.0003064854355290631
1317,0.003325217455092497
1318,7.951708112083507e-06
1320,1.1401899607597114e-06
1322,0.0002587341197944738
1324,0.00055807496181363
1327,0.00046158483350620407
1328,5.4895143816321975e-06
1330,1.725535665327733e-06
1331,0.00046021293991893017
1332,0.002483687771925568
1333,0.002565181499729607
1334,0.0027819358502392433
1335,0.00024009071117959667
1336,0.0008092582688120692
1337,3.0091349805184836e-06
1338,0.0010996878266831308
1344,0.0005816273061710133
1346,0.0007361891978509629
1347,0.001309266258982036
1348,0.0086779639197626
1349,0.0003348455788001313
1350,1.255502858521712e-05
1352,7.704681094823593e-05
1353,0.0009994289754515456
1354,0.0021177668919778792
1355,1.9676663468432225e-05
1356,4.2910601899839514e-05
1357,0.00010423566625497866
1358,0.0008046368933072965
1359,0.0001528200136849269
1360,1.983094272360087e-05
1361,0.0024142333636318065
2453,4.236620100506408e-06
1362,0.00010625151880620916
1363,0.0007671426705359227
1364,0.0018257139452378308
1365,0.002526793556107721
1366,0.0014010832263389936
1367,0.00045957600211992
1368,0.0025603301841544434
2213,7.11607478665169e-05
1369,0.0008663460212430573
1370,0.0011116281676700748
1371,4.853072023130038e-05
1373,0.00011560703533382749
1374,0.00019750194307403612
1375,0.0024556536783398365
1376,0.001576646364209051
1377,0.00010347925519211182
1379,0.0005171174958505285
1380,0.0005636376871828598
1381,0.0007513754822524889
1382,4.3712767589851893e-05
1383,0.0003562627756441925
1384,0.0002788857951021432
1386,0.0013740341014736352
1387,0.0005814552290225375
1388,0.0007149033864463577
1389,0.0003589956120411168
1391,9.423396466763426e-05
1392,0.00014072838478311196
1393,0.00017089907945720676
1394,0.000347777710593161
1395,0.0033139870619227235
1397,0.007874410300540995
1399,2.880401825117292e-05
1400,0.002387929493079086
1404,0.00020823525707434437
1406,8.400675753303732e-05
1408,0.0005078901688558403
1409,3.974967544272408e-05
1412,0.0006096208836638389
1415,8.892178993501235e-07
1416,0.0023208538077826033
1417,0.0022000714552908992
1418,0.0016409974404759488
1419,0.0005149526161264045
1420,7.287942852271862e-06
1422,0.00037565974021592683
1423,0.0014441170853818277
1428,0.0009194519804558221
1432,1.0066817929228621e-05
1433,0.00025866563188945124
1434,1.3428853210357655e-05
1435,0.00020004909919034387
1436,0.004063929373761872
1437,0.0006574729005823927
1438,0.000570489889027138
1439,9.195961888491358e-05
1440,0.00028720463639615083
1441,0.00020404225514007794
1442,0.003280983034603179
1444,0.0001405386489358508
1445,0.0010938988899858977
1446,0.0011786305858335025
1447,0.0011162210003989002
1448,0.0023172464593106895
1449,0.0008445328869355919
1451,0.001162408453954181
1453,0.0008721722870912484
1456,0.0007226488171264216
1458,0.0003938533616109906
1460,0.0006156792979944603
1461,0.0027052334997019253
1462,9.260557920766875e-06
1465,6.5023889773237215e-06
1466,0.0007554040192866052
1478,0.00016387602731598267
1482,0.0002680779247425114
1484,0.00013859191992300247
1485,8.192151679158892e-05
1486,0.0005481612291096392
1487,1.2933481145107544e-05
1488,0.0004056559906873056
1490,0.002432496880131874
2606,9.073748912581008e-05
1491,0.0022835679500394493
1493,0.0002084450753236384
1494,0.0012687807277619418
1495,0.0025345184750085008
1496,0.0022264126771432387
1497,0.002490676306596166
1498,0.00203357433048858
1499,0.0021499758195944
1500,0.00016062697706276487
1501,8.642167238904894e-05
1502,2.7215086783208582e-05
1503,3.852629670303178e-05
1504,0.0007532330169601312
1505,6.976929037574828e-05
1506,0.00016456929630543694
1507,3.3092094509041964e-05
1508,4.810072815449027e-05
1509,0.00011859869822705707
1511,4.4024720427778155e-07
1512,1.3272658044333262e-06
1513,0.00013822198893599896
1514,0.000353259817907976
1515,1.0941659922353634e-05
1516,1.1699969881880115e-05
1517,2.0945812089795426e-06
1519,0.00243018646060185
2357,0.0007987758400638514
1520,0.0017499567469979414
1523,0.0006954852753663341
1525,0.0032677376536439768
1526,0.00014528369773072081
1527,0.00014915551679910445
1528,0.00013423705358921504
1529,0.00023006194063194494
1530,0.0019261383729337993
1531,6.278673492451489e-06
1536,0.000621214607110874
1537,0.003755616586689636
1539,3.11664630896035e-07
1540,0.0010374149185801568
1541,0.003003500553442773
1542,0.0010818296583367493
1543,0.0001558046930758833
1544,0.0014127624440956868
1545,0.00016162229727933105
1546,0.00033324751856676153
1547,4.73034559118538e-05
1548,0.0001415804614457891
1549,0.0002942073564730944
1550,0.0002342349650707428
1551,8.930366785003753e-05
1552,5.249873261067276e-05
1553,0.00010494710310526664
1554,0.0004297371820222417
1556,0.00014977670935186464
1557,0.0007808744603746451
1558,0.0012928173976597338
1559,0.00010314736397065516
1560,0.0009604240633801221
1562,0.0003335292286628337
1563,5.327391507128097e-05
1564,0.00023250401957210793
1565,1.3677214302500722e-05
1566,0.0008865719340127413
1567,0.00012564936161866955
1568,0.0010509957914559536
1569,0.0014205909242758325
1570,0.0006248521049423056
1571,0.00010802261066287936
1572,8.045824152435802e-06
1573,0.0007390099705094504
1574,0.0009758615763087479
1575,0.00015966077113200927
1576,0.0004861241458416355
1577,0.00026608109197978505
1579,0.0002463079107145538
1580,8.56518702105601e-05
1581,0.00012757061074301598
1583,0.00012268752355631702
1584,7.52678337052465e-07
1585,6.52708098016387e-05
1586,0.00017310826093131748
1587,5.786416691199775e-05
1588,0.00010901697573414152
1589,0.0002899997317240424
1590,0.0015015949676042378
1592,0.0008746106786360306
1593,0.00017526662842348966
1594,0.00022972202006235983
1595,0.0002253775890854871
1596,0.0002802726640049217
1597,3.259482565036308e-05
1598,1.0030555334355269e-05
1599,8.277602429538689e-05
1600,0.000295890299772722
1601,0.002017230703253447
1602,0.0001240159881881392
1603,9.521126154459972e-05
1604,5.2987779927018e-05
1605,3.616654075315922e-05
1606,0.00012985257036131486
1607,5.9945558484308715e-05
1608,3.995087957010521e-07
1610,1.3917975072294e-05
1611,1.420359228044671e-05
1612,1.3332231611502105e-05
1613,0.0004222692657037971
1614,0.0004784406978556236
1615,9.312819156460708e-05
1616,0.0001823332008220941
1617,0.00021891711186199808
1620,0.00018989745260132406
1622,1.8672073684859038e-06
1623,0.00786264402356844
1624,0.00360301857329773
1625,0.002159011429949106
1627,0.0033873924047251947
1628,0.0030002656796948653
1629,0.002583149160118978
1633,0.0011492195359789547
1634,0.0013482601798897828
1635,0.0006791827860133898
1636,1.146865763101619e-08
1637,5.7563426553552534e-05
1638,4.0213282633116864e-05
1639,0.002416602701007201
1640,0.0029658290005934863
1641,8.921650252271492e-06
1642,0.00013380031143961704
1643,2.9789392253345482e-05
1644,0.001507853191487038
1645,0.0008627292658068328
1647,0.00011812555357362239
1648,1.3464707337452431e-05
1649,0.00038540209156703745
1650,0.0012037358258412192
1651,5.007500738440647e-06
1652,9.802117593194921e-05
1653,0.0025344679542062274
1654,2.4608694137578714e-05
1655,0.00010428115539303176
1656,9.851537669857878e-05
1657,0.0004693331566894671
1658,0.00019894369443424186
1659,0.00014961501285664687
1660,0.0002197918516628265
1661,0.0003201514611976769
1662,0.0002196490629242025
1663,5.6111081544241205e-06
1664,0.00012671802227374622
1665,9.705434647115789e-06
1667,9.025872623088931e-06
1668,3.326391834009071e-06
1669,2.3663512717125138e-05
1670,1.0232377701071029e-06
1673,5.488848344559836e-06
1674,8.665462785020252e-08
1676,0.0004628987474869366
1677,0.0007316590704447454
1678,1.364326821745627e-05
1679,0.00021039735743572083
1680,0.00037839077718390245
1682,1.647473231303314e-05
1683,0.00022086558239645143
1684,7.438335447747624e-05
1685,0.00015572994481910036
1686,0.0002808848025426756
1687,0.00012042520530324747
1688,0.00041273675470292247
1690,0.00032649629828199623
1691,6.0691894054830046e-05
3065,9.21912578547502e-05
1692,3.934996971463417e-05
1693,0.0004908394537378867
1694,2.7312618324305852e-05
1695,0.002221658016337934
1696,4.4593959577427945e-05
1697,0.0008977859342275342
1698,0.00020270927576708882
1699,2.2973426241532933e-05
1700,5.922248852240323e-05
1701,0.0035937820860134973
1702,6.289070121832329e-06
1710,0.002164726225619533
1711,0.0023832722711659587
1714,2.1911412987365173e-05
1715,0.002015727691879409
1716,0.00010658521533389446
1717,5.5477610841803494e-05
1718,4.9195176038225764e-05
1719,0.0003883584197331977
1721,0.000851498922984519
1722,0.0001848978155509063
1723,5.34338883637063e-05
1724,0.0003405744636921627
1725,1.4226418192021462e-05
1726,0.0006078776620339205
1727,0.00029571253872669396
1728,0.00019905514685942323
1729,0.00011238274751506147
1730,0.00016918324069890796
1731,1.9589268301789056e-07
1732,0.00026320833580635545
1733,0.00010177154241591931
1734,9.183318544456041e-05
1735,0.0005073123639355119
1736,0.00032084693999285207
1737,0.000546372323978847
1738,5.143769009887629e-05
1740,1.4499228751912475e-06
1741,0.00018214135412419056
1742,4.1679884578148826e-05
1745,1.6668584282910738e-06
1746,9.052315225548823e-05
1747,7.55050501672444e-05
1748,0.00023000194103738175
1749,0.00015357664701157772
1750,0.0007362361571635206
1751,8.865176413572452e-05
1753,2.4870052203237284e-07
1754,3.4333388608041625e-05
1755,0.0002334939336409241
1756,0.00018931539514537287
1758,0.00025002616945877403
1759,3.261507264905168e-05
1760,0.00013395674184459461
1761,0.0001716636233932142
1763,1.3123810717402556e-05
1764,4.122216640255482e-05
1765,2.2423954835714285e-05
1766,2.4932797385336804e-07
1767,0.0004437412647413492
1768,0.0001851515962717205
1769,1.079093384182202e-06
1770,0.00271695621429176
1774,0.00027398868691405414
1776,0.002409963152992334
1777,0.0023240726270804773
1778,0.0008657652156236906
1779,0.00044646227594442753
1781,0.0023683621349927624
1783,0.00232632210528538
1784,0.0018046326971629103
1786,0.0015660406869246757
1787,0.002155219673241409
1788,0.0002171765740805924
1789,0.0003316725483323566
1790,0.0003463383481646546
1791,0.0007477076007685588
1793,0.002552117618321316
1794,0.002118839187528617
1797,0.0012279399557142182
1798,1.196436453694791e-06
1799,0.0004972348489905205
1800,0.0014889902843506345
1801,8.166311323412402e-06
1802,0.00026467763126180677
1805,0.0025808438198334227
1806,0.01776418217478355
1807,0.0005861573870602908
1809,5.731198183465869e-05
1810,0.00017753142873764958
1811,2.0098012656771474e-05
1812,0.0023184784447251674
1814,0.004508873989295894
1820,1.8162972697309276e-06
1822,0.002624753068763431
2995,0.0021175944943614667
1823,0.0004983265458508448
1824,1.4847882037992875e-05
1825,0.00017094103415249954
1826,0.0027565420362222846
1827,0.0031020782329020105
1828,0.0059511641418575865
1830,6.785569540465209e-07
1832,0.00016290140911097856
1834,0.0003630068601236045
1835,0.0004336639780268699
1837,0.0008634256956793227
1839,0.0007627572647558175
1840,0.00014678255529340276
1841,0.0001765049415119063
1844,0.004045410233436449
1845,0.0033911259492060515
1847,0.00023969607853701206
1848,5.020965230607317e-07
1849,3.208253840251204e-05
1851,6.575660395721569e-05
1853,6.815921201664614e-05
1854,0.0004472425306090281
1855,3.543635913679713e-07
1857,0.0007591916767159216
1858,8.280619934285705e-05
1859,0.0028588914914494013
1860,8.665462785020252e-08
1862,0.002797471709291368
1864,0.0010262431663045923
1866,0.00018997606398674056
1869,0.0005217082695241828
1870,3.7913948568068536e-05
1871,0.00011493212587268062
1872,6.835617178589675e-05
1873,0.00011657611283730976
1874,0.00021065454294321497
1875,0.00018544860804689834
1876,4.733540624767352e-06
1877,3.3296484756120743e-05
1878,0.00017719363185648204
1879,0.00013309755228534752
1880,0.00010161332199660332
1881,0.003420087663026417
1884,0.004451920893567505
1885,0.0004469023687194968
1889,2.9481410484921063e-05
1890,0.0027502679307297197
1893,0.00017450541218948224
1894,7.554005556426764e-05
1896,0.0004850542322283846
1897,0.0038829712133442227
1898,0.00018796563755906994
1899,0.0013499018623843926
1902,0.0014416217681669334
1905,0.00035183792941870153
1906,3.869712039761165e-06
1908,0.000138004033651364
1909,0.00028191145308821975
1910,0.0006741841018205065
1911,0.0010760202305419176
1912,0.0001185980495060926
1913,0.00017132236034431023
1914,0.0014285685657083984
1915,0.000646967392372925
1916,0.0002688159716025817
1919,9.841752968995615e-05
1920,0.00041477367816224604
1921,0.014240102173616636
1923,0.0017393887470261403
1924,0.0002450094220274177
1925,0.0005432308919017788
1927,0.00030281329215851405
1928,0.0001163731523764833
1930,0.003940278204667013
1931,0.00024356794039904123
1933,0.00015964528326838459
1934,0.0006074600349194028
1935,6.827603718966805e-05
1936,1.5140593451865084e-06
1937,0.0025763309558763997
1938,0.004925166713118575
1939,0.00010183404369831794
1940,0.000150952428347822
1941,0.0006632335974343889
1943,0.0007824788713813611
1944,0.0008705409973745489
1945,0.0036617850386955805
1946,0.0001736461355726053
1947,1.1803238340616412e-05
1948,0.0016963606138885726
3053,3.750369679605892e-05
1949,0.0001713494331188433
1950,0.0052683827221655976
1951,0.0014345663228106202
1952,3.867185434742844e-06
1955,0.0021769121485183496
1957,0.0013044731045640148
1959,6.596308438342399e-06
1960,0.0001374471990526976
1961,0.004936992598954671
1962,0.0008348237607609573
1963,0.0005671954278196562
1965,0.0013679464027727087
1966,0.0004549883945039737
1967,0.000563760239604633
1968,0.0006618927995588272
1969,0.000621254535002582
1970,0.0003831433757338676
1971,0.0008105510530074703
1972,9.7409160492859e-06
1973,0.006467825803828236
1974,0.0020022115509809217
1975,0.0004760786812085091
1976,2.3762302099177424e-05
1977,0.00044276550161686276
1978,3.376662321861349e-05
1979,0.0016606667980863324
1980,0.0035138393380189097
2314,0.0009919069913971502
1981,0.0036611197315108124
1985,0.0003849954474537615
1986,4.9990550529098695e-05
1988,0.0008308120624531782
1990,0.0020213922298292796
1991,1.1388317406910105e-05
1994,0.000612890303324818
1997,0.0006178608212912904
1998,0.00615719671973213
2002,7.931532659992042e-05
2003,0.00043491265509353397
2004,0.00037940627395382137
2006,0.00578009498504726
2011,0.005005165842737702
2014,1.8797401585488316e-05
2015,0.00021067281690573497
2017,0.0006724306172541679
2019,0.0002742039916582558
2020,0.00024311261679587606
2024,0.0003355289011966209
2025,0.00017086406035211145
2026,0.0004057065351803759
2027,0.0012255762227544717
2029,0.0006787791374436318
2030,0.004108048512190931
2278,0.0011431516994883334
2032,0.0010337129996598248
2036,0.0014230518044458834
2038,8.00373875920447e-05
2039,0.0008666982390942864
2041,0.003659904305754958
2042,0.00069733181774925
2043,0.0001832472344980179
2235,0.0002925620188775675
2823,0.0004006915656807709
2045,0.0017069130895102764
2047,0.004350778718267107
2049,0.000546864803055091
2050,2.535602234197504e-08
2051,1.5230079592943906e-05
2052,0.000788046921595149
2053,0.0010926787455544625
2057,7.775350544157116e-06
2061,0.0003084770185778845
2062,0.002586303331166592
2063,0.00012046873008199421
2064,0.00032578681925123017
2065,0.0012582978591680607
2067,0.0025318820499789633
2070,0.0005574981371372621
2071,3.6253033858864095e-07
2075,0.0013430684462900496
2076,0.0010701711914603057
2077,0.0005770010346648466
2078,0.0002894976166307235
2079,4.406345463765772e-06
2080,0.0005094734035560595
2082,0.00044315185926260467
2083,0.0008679621934454077
2084,0.0013624642576060386
2085,0.0017511043838233096
2086,5.048304709504684e-05
2087,0.00043556315031386653
2088,0.0008430081095788308
2089,0.00040228863378249653
2090,8.311726266316425e-06
2093,0.00020860842031727542
2094,0.00011709923175164241
2095,4.624404093494987e-05
2099,0.0004360568532121874
2100,0.00017606518298871616
2101,0.0033603698076778835
2102,0.0017578047450252602
2103,0.0022152713408849617
2104,0.001581676633662751
2106,0.000302090466560551
2108,0.0005069878282875494
2110,0.00023795482502458366
2112,0.0001237622799801751
2113,0.00013013547291134892
2114,0.0009752316031287453
2115,0.0003836536546084427
2117,0.0003855090533726476
2118,0.0008136875601811905
2120,0.00020451154312252882
2121,2.5111811661896195e-07
2122,0.005766519429318566
2125,0.00016771304269231764
2126,0.0017848577257788864
2127,1.864698956392736e-05
2128,0.0003253759012466447
2129,0.0020007936890641415
2130,0.002447132771546368
2132,2.3141815755691831e-07
2134,0.0030515492549422654
2136,0.0008647009681720842
2137,8.482239245248289e-05
2139,0.0031994018702591184
3182,1.5522743427973973e-06
2140,0.004229615474111774
2141,0.0013839586778985119
2142,0.00029428722280657203
2144,0.007543504004558017
2145,8.305814754259368e-05
2147,0.0017675220385623106
2148,0.00031054056906957943
2149,8.578614373623654e-05
2150,7.76256975885626e-06
2151,0.0003136118245470604
2152,0.0020289822689667516
2153,0.0005291645757289588
2154,0.011369863965817281
2155,1.0438149136702547e-06
2156,0.005686876358290037
2160,0.00016914881040178088
2161,0.0003019713049832686
2162,0.0029738418853330127
2163,0.00044897850643792745
2164,2.450285597861324e-05
2165,5.84036768361244e-05
2166,0.0028922421860623974
2858,0.0005239547781484678
2167,0.00010992682685962019
2170,0.00021882670166331538
2171,0.00037563511198164616
2174,0.014725724714521205
2176,0.0019650266031483463
2179,0.001152302652296893
2180,0.0002570080136357058
2185,0.007829971840966536
2186,0.0018237114383062678
2187,0.0007699080489939577
2894,0.00027560612503218487
2188,8.487747232458786e-05
2190,9.493360460115441e-07
2192,0.0022153220639336718
2193,0.0011328176297599188
2194,0.0023455134384894015
2195,0.004501067547942006
2196,0.002560485818600147
2197,0.0010107007865454748
2198,0.00026276396688270005
2199,0.0011008384204359736
2200,0.00015236968094343927
2201,0.00042507607725634946
2202,0.0002877983222837825
2203,0.00020614222042316372
2204,0.0018373902043319068
2205,1.3711797878861736e-05
2206,1.6374401526736848e-06
2207,0.00025564676097622154
2208,0.0014689162783454324
2209,0.0003359292791241649
2210,0.0003359482582341035
2215,0.0019887972592929023
2216,0.0006909567382308979
2217,0.0014716880302722024
2218,0.0003103221108023698
2219,0.002927098920387225
2221,0.00031545549736290257
2222,0.0008022930762288996
2224,0.0022152641028371956
2226,0.001536003864745707
2227,6.0718450449975094e-05
2230,0.00015720543599950833
2232,5.2450808333966725e-06
2233,0.0002729685245615093
2234,0.0029159467667688164
2236,0.0009696614594007366
2237,0.0010171259514494145
2238,0.00034490678202370254
2239,0.00033989899869267185
2241,0.0014564250750125128
2242,0.0008207913156077444
2243,0.0012397203865257712
2244,0.00010952278695435189
2245,0.00023941891432998293
2247,0.0005308571505867615
2249,1.6183158829643913e-05
2250,7.622021129006643e-05
2254,0.0016358145226454447
2255,1.9407878849685944e-07
2257,0.0011619888910778722
2259,0.00330858187584478
2264,7.323888645565486e-05
2268,0.0007598016043933475
2270,0.0020498422340569002
2271,2.51063975222315e-06
2273,0.003664444912700731
2274,0.0007048755773400302
2279,0.0026880937454106975
2282,0.0002529987806744646
2283,0.0004955979842656572
2284,0.00013295713084261485
2286,0.0007131578443288352
2287,0.0003336944489991965
2288,8.497760027560098e-05
2289,0.0009261902139506494
2290,3.160629893419293e-06
2293,0.0022081864876959114
2296,0.0005213426934107871
2299,0.00010656133889275056
2300,0.002201733138471248
2303,0.0019387264863158248
2304,0.00012300390711471977
2305,0.0008906938946799369
2306,3.543635913679713e-07
2308,0.00045940194949430015
2310,0.0036657795814108926
2313,0.00010007564373394089
2315,0.00260033937609128
2316,0.0005744369161556552
2318,0.0006204541884714916
2319,2.3832345745411445e-05
2320,7.59846499273203e-09
2321,0.00838408401404803
3259,0.000299521968734375
2322,0.00028176942289389516
2323,0.0005473136716069128
2326,0.0022967450981681353
2328,0.0016265083628979517
2330,0.00011958843612868759
2331,0.0002984712463245578
2332,0.0007188399753463549
2333,0.00043043529996595714
2335,0.00039352382291469543
2338,0.00017912173457704114
2339,8.838541229885038e-05
2340,0.00013303304708023927
2341,0.000647266975717444
2343,0.0003509081898887355
2345,0.001064740436253098
2348,0.0007212061050077608
2349,0.00020735101007749641
2355,3.296421163357175e-07
2356,0.0003007828284619065
2358,0.0025169919763038703
2359,9.603725992570793e-05
2360,0.00011629327738787289
2362,0.002169088455475899
2363,0.00042032968922205475
2368,0.00054258816937878
2369,0.002640559916425273
2371,0.000840457415469494
2372,0.00012176581301941236
2375,0.0031558534090295937
2377,0.004288292216911699
2379,2.4018483432610145e-05
2380,0.0015020466078837108
2381,6.228393098916216e-05
2382,0.00036764582369133974
2383,0.00037542733064987663
2384,0.00014904933349857216
2386,0.00475162622275781
2388,0.0017014257179181938
2389,0.0002746122620708743
2390,0.0006476942619623959
2391,0.00040092985370070194
2393,0.0005408512041703967
2394,0.0004714818757590843
2395,0.002181568298572695
2396,0.00131732237702766
2397,0.0023893517054911755
2398,0.000778669849714441
2399,0.0015171991312351073
2402,0.002301139941792893
2403,0.003804520876432943
2405,0.00039140092687600333
2406,0.0005545148677169125
2408,0.0008532676048713331
2409,0.0003140226759146667
2411,0.0023593657008495906
2412,1.039042635709019e-05
2414,0.0005341449414800837
2415,0.0012023735664524928
2416,0.00026888665282209274
2417,0.0009282534921005547
2418,0.002311146728627771
2419,6.582004802762724e-07
2420,0.012112290428435776
2421,1.2304766659106188e-07
2422,0.0016083241087549245
2425,0.0030842434222252374
2427,0.00017021377953341688
2428,0.0007810723509888963
2429,0.00027606602323178796
2431,0.0006412651336182206
2432,3.6600782904817335e-07
2433,0.0007743313730825963
2434,1.2832648711300793e-06
2435,2.927410522598852e-06
2436,0.0006938691386453187
2439,0.0002597230626887746
2440,0.00032997720826552957
2441,0.00012193810534269343
2443,0.0015770866829022735
2444,0.000678927803883583
2446,5.007500738440647e-06
2447,0.002535400013226899
2448,0.00016852784702432914
2452,0.00023656514803974544
2457,0.001521514214004889
2459,7.120393943373217e-05
2460,0.01302775389188571
2461,7.580127435132978e-05
2463,0.00025523611062009554
2465,0.000897087319853002
2466,0.00033627657904324216
2467,0.00039577798021376073
2469,3.679774034824095e-05
2470,0.0001253693384480187
2471,0.00010846569309467657
2473,0.000260713399451794
2474,0.0009784627464087005
2475,8.912828388320924e-05
2476,0.00016928237939804636
2477,0.00023491806802314655
