Article_id,credibility_withoutUser_Count
6,625
8,1296
10,3136
12,32965946262671460
23,11019960576
25,17954249856586620
27,5308416
28,3429742096
29,2342560000
33,10000
35,168823196161
36,21336152762
39,34639249456246
42,50626
43,110834940583486
46,213813760000
47,193877776
49,12897917761
50,32167139904
51,4941277927762192
54,25856961617
54,25856973050
242,1536953620
247,31220157
248,2562890625
249,252047376
253,130330
254,1500626
255,1146228737
259,401
264,9117381
268,108243216
269,35153042
270,2560000
271,655360000
271,655362601
272,236421376
274,166726039042
278,187388746
280,9150625
290,33157576133519
291,1458056
293,625
296,81
301,108243216
303,50306044964734304
305,408576278084468
307,34807119454302648
308,3167016641050530
309,50734333032
311,106016083745265
312,17482410936211
313,17372042626793
314,8706760755565
315,511320441461
316,2526687246673
317,71306645290
319,567558291237
320,44224744490
321,42110733682
322,6401
323,12054785
324,545859701496710
325,1003876256
326,49098149
328,19007435825
330,719499482
332,358993969626
333,14776340
334,550499719276
336,125255745317202
337,64545190791565
337,64545190710365
339,9189418862270408
340,9827663491
344,193098313620
348,559840650641
349,6738586102502
349,6738586087389
351,1275989845
358,4016847889843070
358,4016847889585022
359,6856422200727448
368,46848781889233
369,3404274207601
568,1030339075869791
569,2635105727005922
570,1335878320264462
571,27710264196
572,746005464089
573,5326168580209316
574,124514618940583
575,9150794
576,3344350114223161
578,56189692173814
579,1530003890328
580,842853480341
584,127368316306
586,677037733130700
587,549781088866213
590,156344339134236
591,57289770
592,1316601325
593,97017297394240
594,1309034013215739
595,17194591990052468
596,12960064
597,351263076175
599,8515566112193
600,12043564983034
606,6570
612,730532952487
615,188537243968
616,901
617,5283723
617,5363796
617,5310276
618,3137
618,23017
620,815375174052802
621,6149346308511
623,22998771460
623,22998789699
624,100336200031219584
625,4082680550624
627,483431234578452
628,108938393046382
629,588450820
630,6668438037
632,5338202329226
633,563543354339358
634,2511379433916
639,1119107407453406
640,885808997375096
642,20419810802
643,302238632319
644,279842
645,1698584323
649,8222793175
650,138730623759
651,6591251438325
652,1868099151
653,194450718158484
654,1121214
655,33473565035779
655,33473565058610
655,33473565188779
656,56128795924798
657,18408083904634
658,980796817083
659,240905839749
661,998219672621
662,581686652357804
663,2737295818543861
664,42643778766885
665,4344332905234
666,5182427079995
668,6222725154
669,81
670,168865628077092928
673,83940200370
674,820674748833605
675,33489929612
676,38650170386778
677,46517822084902
678,392526337141
679,89044239803
680,2057482518124
681,252997316394
682,8599831654805
683,8233542799
684,20588987
684,20588915
685,22432628826399
689,4616118501831559
690,65096531377394
691,144457589773524
696,14244934128
697,145599609532350
697,145599609452178
698,98993162805968
699,680270773
700,1288041486784570
701,3345331108509472
703,18631641315782
704,648439469499
705,727323772062
706,10633483182928
707,583598852
708,75281773223
709,5755877311
710,19170838476
711,6225525278286
712,41147374787238
713,59159650486190
715,41799803944
715,42000251464
717,1553781353445907
718,219820117038
719,422855381628459
728,63529901172
728,63529826844
730,345459911833
734,189445862372
734,189445829372
735,677
736,1024237549395779072
737,5493156173994412
738,822068907348224
740,115687497958120
741,1378396322380997
742,3662186320
744,19443304798009556
746,528907062180843
748,214941345745534
749,2019964657
751,665552199799822
752,1264113078911118
753,16381447208243
755,5764810
759,2342560000
762,84934656
764,35874056789
765,59153067175895616
766,15769159470
768,109061117
769,33863518047219
770,7111010084638555
771,95327302896733936
772,492284752747
772,492284749918
773,7139673636266792
775,1309782377617604
776,13332551192
777,52096306249
779,362203044
779,362187483
780,398448140726
782,382794992841
783,14741660583025614
783,14741660582610464
784,6731335984290
784,6731335977470
785,15485549054179
786,84522732287
787,19803051928
788,833740782
789,29508723986
791,684715559877416
794,56385352036
795,70916222925
798,1134506470793
799,4946579043975
800,1173933946605603
801,1072634670
802,436586147367832
803,272987200636814880
804,395255002
806,2997206699254870
808,4609167498688913
809,5676566191469
813,230639102325
814,2495203088
815,238730944426
816,1908030122
818,855036610
819,479785540
820,112550881
821,2562283305
822,25600852684295732
824,348822569631729
825,1327778996162
826,12149330177
827,145865941776
828,4581175175428
832,390634
835,157351945
839,145
840,142310894935493
841,154104236686148736
842,593542880044
842,593542870101
843,108510893835128
844,521990904842219
846,14081292
846,14084620
848,508615094298100
849,103576979895579
850,110443467820532
851,5181594438856
852,3204725214641081
853,6706031354944
854,122509060637323
855,680901590
856,11828664481103014
857,166063613669201
858,65540
859,37527218527
860,28387684
862,1547152855309077
863,29722677936095560
863,29722677935638600
864,9523880936145484
865,31300858849675
866,7519580781662
868,2597639069559
869,4421819975641
870,2855783138264
872,79590927472492
872,79590927400321
873,24010289
874,26340758970472212
875,1656428504
876,44308496033264
877,924418616654
878,4706099942525
880,7796212609872720
881,9658630618864
882,11789513474
883,175984107
884,188050156105
885,28886640
886,285238392325923
887,794868338434407
888,11237610603175
889,558958788022
890,36639472758541
891,629
892,5189689079
893,2093542506715569152
894,57515187962626
895,82191887491431
896,9993311372334
897,54291182474247
897,54291182425851
898,26809864155526
899,601547670143
899,601547678426
900,2714987597339
901,189030529423
902,642513289698177
902,642513289560193
903,566898191446
904,1202393001227222
905,715563284
906,6092615305110
909,152782752446811
910,1607889766
911,131258325017
912,14776400
913,53140781809633
913,53140781766764
914,258439378277
915,234267724194
917,1335117274
918,303595857
920,66494890213
921,399909713223
922,41315801496033
923,104980
924,10236333643471
925,31585671693
926,33857
927,321445872892562
928,94445629718132
929,50317315274
930,1030722560006
931,522013546872369
932,2533603435
933,8833232959
944,3373402661
948,543765623
951,10440059445277392
952,2439280215521
953,4653661713
954,234451573384416
954,234451573561296
955,11847195963
956,5566905685443
957,41995033246
958,240106412457
959,1220873625
960,376486467685
963,9563349461789
964,1493320
965,3176129844
966,962481376
967,2118875105
968,5120261236
969,228390236224
972,1533111753753
974,6375991701094
975,11332541236612
978,2123311936470
980,28450604925121
981,350307140075488
982,2711701800
983,393229273996767
984,288921944158250
985,300155650
986,16095311497002046
988,114112981648
989,1455993367087557
991,18750856080006
992,6084730340688
993,107175347765
993,107175760309
994,888409615
999,225977229275608
1000,958917448275560
1000,958917448220912
1002,36517608940897
1003,406677875130
1004,3577196492708
1005,1705659951815
1006,161047976418561
1007,43071574180695
1008,22601714802650
1009,23185210390159
1010,41708619346563
1011,31888667446842
1012,45945188574124
1013,31463813515690
1014,18023509466631360
1016,4415852575315
1017,3741318214615847
1018,72731402434
1019,377966672621906
1020,122530361468731
1021,11764574022
1022,1215581932299016
1023,6762365981929775
1027,29947329907014
1028,2690371131378
1029,228910717464382
1030,65854593253757
1032,1002055837099
1033,24065852741953
1034,44446641463296
1035,2684464203
1036,1099949227499
1038,65234406935778
1043,241555320
1044,5111850704108
1046,103912105541
1047,2655660140530
1049,12747974302
1050,27430813998852
1050,27430813970148
1051,20338864880318
1051,20338864869933
1052,126400110234980
1053,380757425
1055,1194980962125
1057,358218290241
1057,358218347841
1058,4153547248173
1059,196165208
1063,365623207352
1064,27569055659002
1070,272866237972
1071,404953497924
1077,3206011171
1078,47270679247136464
1087,67122964597
1099,13206836322
1100,14003408960
1101,3963766432730
1109,18954318354
1110,2764047234
1111,45751194387
1112,72414811156
1113,202428078
1114,65991851
1117,10426196490847
1120,424125260010
1121,479785220
1122,1275990037
1125,91506250484
1126,70344300641
1127,21957462516
1129,15676323888413
1130,3514622162274941
1132,1358254014456973
1133,38456879030444
1134,791332992425
1135,10034046099096
1136,89732597
1140,17253887501518
1141,235250358445
1142,589149694958
1143,285878826408113
1144,22276649123
1146,2928178690859
1147,17132295419
1148,1147030365145343
1152,173383592650
1152,173383591571
1153,519885610
1153,519919457
1154,18627015741530
1155,3946179020
1158,687244853109
1159,274185964188857
1160,807613014439
1162,6261802940314020
1164,1152534990908989
1166,31218084214
1167,674337540922
1168,261581663162744
1169,6191783729
1170,258309520756392
1171,82346334925231
1173,2613726570863
1174,379090353242038
1175,52077178210845
1175,52077177699357
1175,52077177740020
1176,4815031017
1177,3311346834256242
1178,282989213349751
1181,739729798648
1182,453089718369370
1183,13698215236196
1183,13698215236724
1184,71639312
1187,116748515739
1189,832635163008
1190,208613354836
1191,4989303306
1192,8508511804
1193,88195846171
1194,478691125
1196,31162219427340
1197,6980328551
1198,2507891491079
1199,166797421
1200,430458668960
1201,1621432063769214
1202,29262794829
1203,3971216039854351
1204,152750468240
1205,17
1206,673390197594794
1207,126656034313626
1208,379257803305078
1209,375481959287
1210,1622093458845
1212,876835932766
1213,263205394282
1214,10192905618400288
1215,51508979
1216,4447522065464080
1217,4831376370414
1225,12444741145
1227,274314209298
1234,1877940088
1235,722195544764
1237,48391364979053
1239,898221867803423
1240,34393859245085
1241,82154168001838
1242,35908409351277
1245,1072693729
1246,13248033504
1246,13248538541
1247,568688244349
1252,255465331174636
1254,49692696527704
1255,1937
1256,7651026525715
1257,453403099732
1259,17339679342304
1260,36383716305977
1261,22110226159308
1262,457056387
1264,327205867445
1265,1506138625
1267,112099338172
1268,60869
1270,22746927481
1271,3971429871390
1273,13300511002707830
1274,428396960257
1275,30255125449
1276,1537652103
1277,808339569416
1278,1012812073
1279,153070810614
1280,22761609
1282,705721
1285,6999764652987
1286,30992194831826
1288,6437883928521477
1289,2529273792033
1289,2529273789186
1291,13399712074993
1292,507395950559
1293,88396341806
1295,85800382
1298,2804146759818
1300,21857706961933
1301,31557217228
1302,4441684086014
1303,967081953010
1304,6082804314
1305,1506604549
1305,1506604394
1306,455384454798468
1307,24853269753627
1309,2852601756
1311,63685666698
1312,946344637
1313,802081060669
1314,2
1315,6670129967034766
1316,178247041300
1317,120567485468062
1318,1586981016
1320,96059617
1322,15507006426
1324,568669948149
1325,43765877214
1327,41738975092788
1327,41738975066037
1328,147460
1328,157860
1330,3048807952
1331,30849810383
1332,18350109910900
1333,39050756365754
1334,31300388448626
1335,698913304257
1336,386681022734
1337,81
1338,29227352001483
1344,95853151451
1346,2290395535601
1347,2751391711292798
1348,1104836813562451
1349,3894362057296
1350,37695555
1352,1464022484
1353,10241497356
1353,10241487696
1354,156531919065867
1355,1047903705
1356,5315594809
1356,5315598329
1357,478324516988
1358,556258072623609
1359,2173984360
1360,30424151419
1361,63794685086014
1362,2710439263
1363,593517109980
1364,3050682921817
1365,1338921552348521
1366,6346857578610
1367,127120787443246
1368,276722107431454
1369,222959220356
1370,100205329299096
1371,17624912442
1372,164021028449926
1373,14362696561
1374,101041039249
1375,175093627273891
1376,2602238216407
1377,1875943286
1379,645046426823
1380,525186554315
1381,17648765795163
1382,1294848932
1383,1037632268631
1384,2926487190851
1386,83914992989
1387,6238843722821
1388,39796378347698
1389,1048489334510
1391,87056997
1392,9256446472
1393,1998519915047
1394,3137454571914
1394,3137454568074
1395,17817139167427
1395,17817139564758
1397,111367595579565536
1398,140088203611481
1399,161218
1400,230060981938283
1404,1473108502
1406,48864084
1408,15752311700681
1409,104453414827
1412,16608926948848
1415,151807141
1416,21020360071407
1417,119098306386920
1418,17909007254628
1419,3280298360757
1420,157352105
1422,1431155127127
1423,653578309114520
1425,709859788188700
1428,200020290210
1432,154200726065
1433,251373888008
1433,251373882639
1434,5170089425
1435,112658046962
1435,112658045519
1436,3671209849137757
1437,2606670049040
1438,1014441929981
1439,149473614
1440,22865306867940
1441,6482526962
1442,60037767634082
1444,40513810478
1445,175474928982602
1446,24340370679315
1447,2057167025102
1448,44782756746517
1449,4883751337498
1451,329988107847155
1453,16444979486151
1453,16444979464578
1456,19715037691624
1458,1206973109185898
1460,5008416738667
1461,930358684873725
1462,35775453697
1465,166489
1466,4668346772119
1478,9482153639890
1478,9482153635570
1482,6796026582
1484,44682965944
1485,113844523805
1486,126934909393255
1487,134291222482
1488,274447171938
1490,21596274346257
1491,48532279940305
1491,48532279452488
1493,22256692938476
1494,4912698158913466
1495,343613614914955
1496,23795803609272
1497,37524587200888
1498,18526907518933
1498,18526907199946
1499,19552782640147
1500,5688900816
1501,65832864
1502,91527589
1502,91563210
1503,13082110
1504,70650578911
1505,109922480
1506,36422131
1507,11119229
1508,133442839661
1508,133442894666
1509,696753376071
1511,180713410865
1512,6633516193
1513,204336901368
1514,6086933567910
1515,13053337230
1516,662547769
1516,662552224
1517,1800814132
1519,17972321842539
1520,27369882527037
1522,303595857
1523,3993581807861
1525,1346238746280676
1526,55424001760
1527,20532362278
1528,1397674471
1529,329698568886
1530,61562774287861
1531,85293203656
1535,10469748857
1536,23046511500
1537,12709258581152112
1538,6761445748
1539,1217657628658
1540,23722909500390
1541,62636268667821
1542,18883624607937
1543,6493394658
1544,6208276560902
1545,374722675528
1546,1756916465876
1547,27666785
1548,407044916329
1548,407044912213
1549,119609622811
1550,1133592712336
1551,88550989495
1552,7611867016
1553,10532490960
1554,416356095290
1556,452657275044
1557,35020603717971
1558,23062834943857
1559,66243755498
1560,402901412121113
1562,334985087098
1563,2727346852
1564,72906984525
1564,72906983214
1565,5578342412
1566,210906691852153
1567,23546670640
1568,5815296035631
1569,37420971456
1570,45841993448336
1571,64976214379
1572,2872102564
1573,9760775616100
1574,422500220813
1575,1292256495829
1576,4486118297147
1577,244241184199
1578,6828617039
1579,145235097141
1580,101296748553
1581,65302608648
1583,4313075801826
1584,825553960064
1585,16136622125
1586,17657658214
1587,10124384724
1588,15195837719
1588,15195843124
1589,221481558363
1590,1110507429426078
1591,459937418109464
1591,459937418019528
1592,69001300406434
1593,1061130255181
1594,296507920473
1595,601711516359
1596,951514786848
1597,15137839
1598,174794962
1599,174985025111
1600,946510593822
1601,9104456438484
1602,305685263
1603,83767343
1604,23382678
1605,584297080
1606,1865283286746
1607,2788653836
1607,2788664409
1608,257
1610,26410
1610,49510
1611,34414
1612,1429596136
1613,13133956647945
1614,1705491853
1615,102503961929
1616,1224091707248
1617,125704285825
1620,7834267465487
1622,12609605
1623,1941102360261881
1624,366516318683870
1625,140929788200139
1627,2767110091790869
1628,42768196791558
1629,45736423646158
1633,14841089318556
1634,38429042012318
1635,10615267741428
1636,2217374245
1637,3350139284
1638,61308936
1639,23760375531327
1640,683538179410624
1641,18166726737
1642,3070087473653
1643,4230635436
1644,427453982498247
1644,427453982406612
1645,1529591284999549
1647,48936694408
1648,62749248260
1649,8313878651361
1650,17278820091417
1650,17278819754297
1651,16
1652,58105182199
1653,117678112775158
1654,984775367
1655,11047641063
1656,65404994497
1657,14539238535617
1658,457985164392
1659,2161283030553
1660,1570223665189
1661,5924412161409
1662,360787507457
1663,54585175
1664,29779308853
1665,1191373
1667,626
1668,96059601
1669,2196114215
1670,149679229520
1673,3335582319
1674,27982933217
1676,3401391538401
1677,5828856814112
1678,274734937
1679,4043744784061
1680,23243851283
1682,5531929
1683,30219120475
1684,16595831696
1685,216866826008
1686,4803512410324
1687,1876068712607
1688,67434358546362
1689,222197441
1690,56547830030
1691,12699604
1692,11222525
1693,7221858412
1693,7221868456
1694,5784034
1695,1700169176926652
1696,9357490
1697,1831660051676
1698,920288020127
1699,7960871
1700,7054795869
1701,461902535381741
1701,461902535302844
1702,40994204
1710,23000292420277
1711,18414730710449
1714,267873056
1714,267881376
1715,821109954590481
1716,95516611701
1716,95516611026
1717,451941576356
1718,9316805645
1718,9316822256
1719,9050799258935
1721,10750883356352
1721,10750883346407
1722,54259666514242
1723,9787889708
1724,2096822085936
1725,6225029982
1726,3815194883493
1727,10659251785461
1728,241204571437
1729,783088998
1730,12171304154
1731,25583374116962
1732,225309510078
1733,5234918541165
1734,1285162323589
1735,459423100676
1736,152563189340
1736,152563194899
1737,2360964997937
1738,1554792856
1740,450186670
1741,462624973758
1742,3769602
1743,14527541
1745,626
1746,285998953
1747,3235697067
1748,17566851924
1749,6885570084
1750,549079560300381
1751,310376427
1752,2325322931
1753,27789935256932
1754,625774119
1755,439972546687
1756,53181285503724
1758,278390666099
1759,1556590590
1760,174858298842
1761,322273198827
1762,9040295212792
1763,230045553
1764,1448962640
1765,1274413916
1766,82
1767,1002009326238
1768,4232027699
1769,1297
1770,285812119226049
1773,910198885251
1774,5348174050192
1776,1020712484269
1777,21553028571419
1777,21553028246171
1778,5155413688486
1778,5155413663989
1778,5155413681974
1779,1011774320
1781,25790788646313
1783,126919523266924
1784,7757763552207152
1786,6384170158842
1787,25968638493388
1788,498123242
1789,2220925482781
1790,1793162630820
1791,172652095154240
1793,20971652101559
1794,14104294770703
1797,370576409877
1798,2031514298368
1799,3387591810
1800,129584275027301
1801,8992539530
1802,14068684439
1805,95613829356038
1806,8444956333584829
1807,5589139735
1809,733631706
1810,5128035437
1811,27878481
1812,107892034984382
1814,1174122266048238
1820,870780125520
1822,44866060735841
1823,149978055501
1824,1212016
1825,164454674420
1826,16419540068434
1827,34978428744641
1828,1016452127055768
1830,157
1832,51860835432
1834,177646097322
1835,426108090554
1837,1376608743382
1839,227831900158
1840,68777938478
1841,5064759838264
1842,4177757024961
1844,752875474277964
1845,649691496492311
1847,382800060182
1847,382800056222
1848,1681609
1849,16741773256
1851,312050009422
1853,1005255271764
1854,325261798198351
1855,488799214311440
1857,25747277605474
1858,203940513
1859,255340420926850
1860,19356878705
1862,34944305885085
1864,13998675788323
1866,3573196652
1869,2296795718523
1869,2296795741046
1870,63091370
1871,10465239389663
1872,178250529300
1873,83404718442
1874,1315014298186
1875,26730173469
1876,1494348547
1876,1494353662
1877,56676340
1878,495062537287
1879,92143926643
1880,26111559054
1881,15130673931298
1881,15130673886867
1884,4569448231157796
1884,4569448231134388
1885,676454123546
1887,67971888
1889,5351068805
1890,914682551139660
1893,510616719299
1893,510616717731
1894,6823564923
1896,9718315553696
1897,429144480897744
1898,13251387265
1899,39097953331366
1902,59641913559004
1905,1264872385547
1906,1864282194
1908,339283103
1909,38613823312
1909,38613822212
1910,8913540992222
1911,883613301809
1912,22663064081
1913,10710456751
1914,111938231652838
1915,223294210096
1916,3352434841
1919,319792258
1920,15190934923
1921,37694792484223248
1923,1492586714478
1924,3224701264
1925,411991926912
1926,45666680226
1927,58203302537
1928,96312970
1930,48362780299992864
1931,5555728367
1933,8157999538
1934,2332087931493
1935,8169642
1936,759333136
1937,14231834721359
1938,3191064578670966272
1939,105381897446
1940,9388199558
1941,5319983010565
1942,564678840749040
1943,234140565549536
1944,5906349007472102
1945,1805927711048054
1946,177009492291
1947,19242880
1948,19581895420668
1949,360504995411
1950,3840427198312340
1951,22371653790115
1952,557536
1955,12416183738166
1957,423430095486541
1959,439007272
1960,3226114938
1961,99883681920519680
1962,8515030802787
1963,1664351167314
1965,133173312471219
1966,1399169929111
1967,14901977724210
1968,10377370288683
1969,6443013592552473
1970,3641923283104
1971,12191079630079
1972,148875220
1973,1982253820738739
1974,17239959423005
1975,11471159132098
1976,463613517
1977,6228133448814
1978,5068319059
1979,41975545753283
1980,895887997830974
1981,733297988577249
1985,1028607546
1986,21628178527
1988,2091433839995
1990,26896777578195
1991,509314724
1994,63113996616
1997,58474749933460
1998,1969870909468542
2002,118965667540
2003,13331063740927
2004,1496877673
2006,1475384635268157
2006,1475384635138557
2007,1078917862029721
2009,8083370885843
2011,13589265916581132
2014,187361369
2015,424598263636
2017,894958051316
2018,2820375873287
2019,2584210046835
2020,232318986732
2021,88765749980
2023,126952149222077
2024,78707488075
2025,12838023600
2025,12838045225
2026,11523084096745
2027,45080945294070
2028,228990970
2029,90598619259
2030,1313996259406391
2032,338416457193
2036,6292108970947
2037,10965946041567
2038,4061832181
2039,50989368719244
2041,16367288802561
2042,17345087081829
2043,56004475447179
2043,56004475453596
2045,295106457940
2047,5044647822810162
2049,314536442434
2050,626
2051,33369790717
2052,28495342125100
2053,8931938815514
2057,2137544
2061,13733632807737
2062,6669277074240
2063,24392427694
2063,24392429806
2063,24392440594
2064,35272811211086
2065,495718682842347
2067,1460107866902119
2070,41035178986924
2070,41035178959276
2071,68907
2075,110710799935732
2076,13072978563770
2077,1166757707195
2078,31708828494260
2079,257
2080,21153322434645
2082,571377381664
2083,1712070749179
2084,3659749866558891
2085,380950870085018
2086,36832820535
2087,67059007791
2088,41423815283382
2088,41423815283814
2089,38483138684
2090,1732250072095
2093,55325594802
2094,752427394
2095,4644345098
2099,748011243259
2100,3393175251820
2100,3393175279617
2101,740298751083113
2102,1171387429525132
2103,1437553691928837
2104,39499988950694
2106,1109337459676
2108,2247222543384
2110,1400528090355
2112,2753201309974
2113,692778106335
2114,13012269712165
2114,13012269689428
2115,19679906286923
2116,2583489096174957
2117,1764332861599
2118,3979375278940
2120,762066930
2121,548624649473
2122,1112438269696331
2123,500440568
2123,500458403
2125,41464807564
2126,19221458729541
2127,46936490
2128,65120290567263
2129,399365958087800
2130,2102356705881542
2132,6765205
2132,6765426
2134,1861145069331218
2136,14635501656192
2137,15461082551408
2138,51648277
2139,112922969814053
2140,3604811321747521
2141,2035740729322932
2142,149051130069
2142,149051127570
2144,695675430391154
2145,109754828136
2147,17921870095706
2148,2263892934492
2148,2263892929173
2149,2241158712701
2149,2241158702621
2150,91355428
2151,61611929242
2151,61611951642
2152,3360138358095657
2153,493005308458
2154,224187566660193568
2154,224187566659547296
2155,1366805547
2156,7870917383692727
2160,5350485589525
2161,23957517804
2162,172851596377732
2163,486868393518
2164,13456067
2165,43313984
2166,173258088012
2167,21504260549
2170,1406053613925
2171,362197628556
2174,3553203025316678
2175,42181779422166
2176,119151666509314
2176,119151666714106
2178,1382719945757792
2179,1098374730236
2180,177392150474
2185,857131264541768
2186,2081390442216
2187,143642073768182
2187,143642073725942
2188,2356908320
2190,11316512
2192,20539920118484
2193,11491084625178
2194,28645920271196
2195,18462089560152
2195,18462089218008
2196,33451735845156
2196,33451735411816
2197,183304452050543
2198,853000022176
2199,130905040070109
2200,14152619280
2201,15195112927
2202,2378545257075
2203,22624239434832
2204,2608304022114690
2205,24235897539
2206,38416
2207,33699249164
2208,2649626338859
2209,26152417642
2210,1491142809634
2213,2705857542
2215,757563068673808
2216,119741359275801
2217,66354159997028
2218,227287124191
2219,3737563518342848
2221,212371620968
2222,823891051491458
2224,35803042964322
2226,11054265322242
2226,11054265319791
2227,25270738
2230,165136226385
2230,165136266748
2232,78052067613
2233,34545904898214
2234,1066727278238499
2235,535823738
2236,12687431780156
2237,1033277086480
2238,71459142193
2239,9120883027822
2240,1173215682
2241,126967437299175
2242,35879841786
2243,6617740356096
2244,292750916120
2245,153474856877
2246,6780079372388
2246,6780079361667
2247,10318786605352
2249,4190290
2250,3382261314455018
2251,362382674429
2254,296045934286
2254,296045964671
2255,4477520
2257,944848780103306
2259,43842017398
2264,972194336
2268,4617717427666
2269,456977
2269,460576
2270,9540814684280
2271,477968931
2273,2036444722326838
2274,25490179514644
2278,310256996012
2279,28350375990428
2282,1287186585663
2283,535258602040
2284,490977924019
2286,9208240054478
2287,507073596637
2287,507073592381
2288,22482944236
2289,1070073984497
2290,134934
2293,15240514490124
2293,15240514473009
2295,186268048
2296,740703357142
2299,1168558034
2300,20188380003701
2300,20188379967445
2303,2188624391535962
2303,2188624391359563
2304,33215715175
2305,7349379311678
2306,9116621442
2308,66418788534
2310,75019958936100
2310,75019958884935
2313,85182084651
2314,1130456931273
2315,35220545768200
2316,1551985753924
2318,11278971846613
2319,15236803
2320,88529537
2321,714952004043062
2322,18098959211
2323,1646729150324
2326,23750690758853
2328,140027350589077
2329,22340427
2330,30015266524
2331,748536076
2331,748547064
2332,42523924469
2333,615756409218
2335,1309751792220
2338,42199384504677
2339,8395233034
2339,8395296766
2340,16373506257
2341,58728919169
2343,336750211629
2345,7626261564995
2345,7626261454155
2346,1353169603495
2348,23695061736553
2349,945143163572
2355,122509766
2356,31403332478055
2357,1849498925797543
2358,545648113124595
2359,100715388134
2360,173475555445
2362,1195881766561030
2363,2294021936489
2368,156211393201908
2369,83021842228537
2371,55901042898281
2372,19884386848
2375,2612807986284024
2376,3381351778573
2377,4026398155706978
2377,4026398155270541
2379,109181722
2380,16144605268968
2381,3783135975
2382,404480274886
2383,88560154701
2384,74390858498
2386,2079622764207368
2388,3904939900698598
2389,29315927306
2390,1461898764313
2391,801486600580
2392,2182669591785
2393,6092876504435
2393,6092876513255
2394,15466516779
2395,18035980185072
2396,22537443024036
2397,89429168043929
2398,87448177468
2398,87448219812
2399,1705718372993
2399,1705718356368
2400,557981260459263
2402,143375300389125
2402,143375300365389
2403,1736166080057726
2405,522402192563
2406,3678786284930
2408,23551640835928
2409,2622348418
2411,5814206175351
2412,1515410269
2414,513200679776
2415,31085204142784
2416,8039470478337
2417,278336043325149
2418,34225155874135
2419,28783514
2420,53827160846467280
2421,45212201
2422,10602877778883
2425,1911290577220821
2427,350133546449
2428,13613235748694
2429,111725189
2431,862847783716
2432,70986010649
2433,1854024305185
2434,1765
2435,303080766045
2436,293858317970
2439,92079272485
2440,230750306900
2441,17668462202
2442,253374776657102
2443,913848279229
2444,347866545241
2446,22667130
2447,2756777187277866
2447,2756777187192417
2447,2756777187403617
2448,386693247353
2452,481212106
2453,389430805
2457,720405196054134
2459,94193664
2460,431191179627300
2461,796721358
2463,240091430250185
2465,2957183860310
2466,7498051710287
2467,709985848206
2469,943982610
2470,421539909
2471,23207172010
2472,37706502502332
2473,54999051370
2474,31652009399
2475,1264681067
2475,1264896242
2476,6088763521
2477,2266587796
2477,2266602084
2478,2359898887
2482,8983386397846
2482,8983386408850
2483,15174699750797
2484,3193105059
2486,31937400744
2487,5106675197
2489,579364904
2490,2273001265
2493,6985906869156079
2494,9548934063421
2495,71639321
2496,279857
2499,187903645568978
2500,3377699288728
2501,510110288
2502,6491807339
2503,42713830138917
2504,80107769873474
2504,80107769828546
2506,24167550587
2508,4577439530641121
2509,146410169
2510,804169129134
2510,804169119387
2511,36233206038
2512,2610258726389
2512,2610258717182
2514,225781391109
2519,453865145521
2520,184421167776
2523,15091507
2524,53500690508946
2525,1
2526,31179071349
2528,10605967724
2529,3581047315
2531,106879096
2533,730
2534,123218681804790
2536,6061240371
2537,45113836
2539,66199277995148
2542,3055513
2543,5146689548306
2544,4102416324214
2546,6280719532527
2547,46570071639070
2551,9829193545
2552,218582666229
2552,218582670632
2553,2269343926023
2557,106747
2558,367171808742
2559,10022621915
2560,1373569701400
2561,50070452
2563,19889836287058
2564,28170634751206
2565,1090
2568,82
2568,20817
2572,227212
2573,81905268252
2574,9772546237
2575,336624482769508
2577,478066501856
2578,4732663354
2580,42234903
2581,2648765601786
2582,15550382
2583,296452665777
2584,1445900794
2585,5242317
2586,49773089
2589,44
2592,404595900478
2593,1099513205310921
2594,2278929592591938
2597,26694379789923
2598,21925531003507
2599,98263835
2602,29380751139
2603,4824136777
2604,8256053
2605,21215432
2606,13103034927
2607,130536841179
2608,6085265372724
2609,335732609260
2610,82701865067
2612,1971656132
2613,962821476844
2613,962821473772
2616,610989216955
2617,47666046785853
2618,15911184516721322
2619,5483847770
2619,5483849018
2620,1625939567
2621,1548085857
2621,1548105681
2622,32894225899
2623,2877301993
2624,1243426437977000
2626,319216914994
2626,319216915351
2627,784467632092097
2628,1007231357654
2629,49305751362
2630,441902580
2630,441905836
2631,1990584636992
2632,10585896841
2633,14989107925
2634,75750416046
2635,75559620
2637,224175482589
2638,16564936
2639,2638213281814
2640,223351930213
2641,107088067785
2642,164249507272052
2643,5802783012
2644,84402451841
2645,3519387324226
2645,3519387319798
2646,127856722743
2646,127856720206
2647,47637620
2654,5133394998
2654,5133394962
2661,763182417873
2662,395318792037
2663,28585373293
2664,170991254366
2665,26855562661
2666,2280732977924010
2667,102383478794
2668,585238974807
2670,6178410508454
2671,8969700059132
2672,253478322
2673,6004614014124
2673,6004614030420
2674,176022997416
2675,10835643
2676,98029971136332
2677,2421741504
2678,261118978545
2679,517817620
2680,916556800
2681,125269034460
2682,151845829525
2682,151845826340
2683,180129242164
2684,399505585
2685,33713447443
2686,195058568495
2687,1047365870725
2688,24708244521350
2689,58069664112
2690,99377927
2691,57401677977
2691,57401680609
2692,108831359648
2693,127350738113462
2694,1557717371244
2695,22073701851483
2696,5017679388
2697,82
2698,182569997863
2699,851884797331
2700,3882536941
2701,883215869391
2701,883215874187
2702,424545541
2703,102646363064193
2704,3755754034566485
2705,42926727874589
2707,154140697
2709,614634032174181
2710,26349145678
2711,287708426304616
2712,2381281626217
2713,4330869137
2713,4330872197
2714,470829867873
2715,14619557942252
2716,22237826066
2717,24407977016
2718,10735596237506
2719,786017305
2720,82322053975
2721,26317990009931
2722,21064092090
2723,62821331421715
2724,2288036925678
2725,1
2726,56228924631
2728,358477486
2729,538004907
2732,38816478211
2733,32667651736323
2734,20326271146846
2735,40332637001003
2736,2369898137596
2738,2585797989342
2739,2416607570
2740,57535402932
2741,16041056310
2742,226954549
2745,33942663212198
2746,10405088253
2747,150490614043
2749,260697840312
2749,260697836568
2751,19554100
2752,128551472362777
2753,2853475223984
2754,49237231744
2756,3824344659016
2758,117629794633
2759,2009355
2760,43931168
2761,18269812916298
2762,9626953581
2762,9626963360
2763,535556524190
2764,115323407518
2766,41996723842
2767,8949492858993
2768,75875749
2769,7345881210
2770,33308385256
2771,441238290925892
2778,244425675006563
2779,350878207088773
2780,1998739106030
2781,3407799403599
2782,6300287254464
2783,6691219356488
2784,13924097047163
2785,17748847960
2786,17442202324116
2787,103640113808756
2787,103640113777121
2788,1144318209734
2790,106288196474475
2792,705376077793637
2795,635976012263319
2799,289590572421
2802,1035960140045
2803,32888383819188
2804,181063972
2807,98058855843472
2809,10713741
2810,28548834805
2812,2734257576933
2813,921903910012
2815,6360165881241
2819,48278802834866
2820,30978409914
2822,97923967999
2822,97924650096
2823,5649833414418
2824,14572755577740
2826,3700967380
2827,8888930255
2828,22785405451
2829,141158165
2830,8890170947
2832,1337706592762955
2833,44340099
2834,726724248099661
2835,551685759773
2836,285033706010
2837,7691377
2838,3076398880289
2839,63029706092092
2840,155344387930
2842,3111696
2843,5801412250
2844,89149254389592
2846,216168006537
2847,409538794885523
2848,987027889
2849,62059101434837
2850,3959649753
2850,3959648521
2851,10641410797269
2853,315796074
2854,14545891121
2856,29413280773
2858,826199663330
2861,819906659601325
2862,32864953097
2864,280166469918542
2865,126435813129
2866,46604701391
2867,722302604593531
2868,35282902746
2869,45450251101
2870,52286530943001
2871,173153208
2872,1251446470
2873,82
2875,15839706474294
2876,3745
2877,3067961494714
2878,9771975281
2880,104977
2881,106503536647
2883,131381778856
2885,369443220929
2889,1441191851553
2890,543888139551
2893,12456514823637
2894,769730761
2896,6765457
2897,561919479
2899,51090870999
2900,52242979881
2900,52242998581
2902,12444741172
2904,37454481
2905,55177775105236
2906,9377526863701
2907,7525657469
2908,27773997791
2909,15431021033300468
2911,43712863917519
2912,2054446357
2913,401820084391
2914,257
2915,2250460402
2916,19835705921
2917,409642154016
2919,1954412733309
2920,3367838624
2923,56866940856401
2925,66085990446264
2926,16
2927,19202652140289
2928,1984354218463
2929,3896677
2934,476576947257818
2935,923023083
2936,270787531331
2938,4215244
2939,4483776197
2940,6859027326642
2941,236218240459
2942,20384760070408
2943,21172066316424
2944,42613584687557152
2945,3450416491
2945,3450422454
2947,47459096861
2948,243194952304
2950,365960952152
2952,2212711295210
2953,545678928505406
2955,197766235316
2956,39963688869
2957,28254223396
2959,979308998446
2959,979308999226
2961,74754974544378
2963,2146708541140432
2964,499835618
2964,499835449
2965,510906306540956
2966,1068458711
2968,62002225
2969,57
2970,26899408
2971,6793150675
2972,14745341164637
2973,1202070512554135
2974,7681774113475
2975,7718657633869
2978,752983881767363
2980,805992200
2981,72882798278
2983,742953418171588
2984,7026760484
2985,16848562
2986,1155572067111
2987,12863675659952
2988,15682512090724
2988,15682511833816
2989,48356723491974
2990,1882669
2991,1001814
2992,3155430638655
2994,16976594441431
2995,789843664662843
2997,62676287093
2999,94445085938
3000,18990063279
