Article_id,credibility__withoutDatabyte_withMeanTime
6,0.002993135
8,0.000147197
10,0.003990847
12,9.66384E-05
23,0.004988559
25,6.13892E-05
27,0.005986271
28,0.010684116
29,0.011473686
33,0.000138447
35,0.012471397
36,0.004256009
39,0.013469109
42,8.17974E-05
43,0.013967965
46,1.36387E-05
47,0.014466821
49,0.000110307
50,0.016462245
51,7.59558E-05
54,0.017459956
54,2.40299E-05
242,0.017958812
247,1.2651E-05
248,0.01945538
249,0.000184612
253,0.020951948
254,6.98847E-05
255,0.021450803
259,0.001083645
264,0.022947371
268,1.47761E-05
269,0.023446227
270,8.52644E-05
271,0.024443939
271,9.74515E-05
272,0.024942795
274,4.10957E-05
278,0.025441651
280,4.49768E-05
290,0.026938218
291,0.00013278
293,0.026938218
296,0.000189815
301,0.120723126
303,3.42165E-05
305,0.123217406
307,4.41887E-05
308,0.123716262
309,1.50056E-05
311,0.124215118
312,0.000137056
313,0.126210541
314,6.76E-05
315,0.126709397
316,0.000157723
317,0.127208253
319,0.000134277
320,0.129203677
321,0.622572156
322,0.131697956
323,0.535272374
324,0.13369338
325,0.000132591
326,0.134192235
328,0.870503535
330,0.134691091
332,0.000135345
333,0.135189947
334,8.36781E-05
336,0.135189947
337,9.66533E-05
337,0.135688803
339,6.56993E-05
340,0.136686515
344,8.29498E-05
348,0.138681939
349,9.18543E-05
349,0.13967965
351,0.000114263
358,0.144668209
358,0.002573483
359,0.145167065
368,0.143670497
369,0.146164777
568,0.000103967
569,0.147661345
570,6.47714E-05
571,0.150155624
572,3.41916E-05
573,0.151153336
574,0.003589488
575,0.152151048
576,0.001203939
578,0.153148759
579,0.014795791
580,0.153647615
584,0.005538877
586,0.154146471
587,3.07495E-05
590,0.155144183
591,0.00455224
592,0.155643039
593,0.002467661
594,0.156141895
595,0.00252035
596,0.156640751
597,0.002180165
599,0.157139607
600,0.000535966
606,0.157638462
612,0.000157125
615,0.158137318
616,0.000122763
617,0.15913503
617,0.000247273
617,0.159633886
618,2.32517E-05
618,0.160132742
620,2.01388E-05
621,0.160631598
623,3.78482E-05
623,0.161130454
624,2.23737E-05
625,0.16162931
627,0.002685606
628,0.162128166
629,0.000110073
630,0.162627021
632,2.3122E-05
633,0.163624733
634,0.000193671
639,0.164622445
640,0.878984085
642,0.165620157
643,6.33198E-05
644,0.166119013
645,4.71868E-05
649,0.166617869
650,5.55526E-05
651,0.16761558
652,0.000815944
653,0.168114436
654,0.000778405
655,0.168114436
655,0.000373334
655,0.169112148
656,0.004418885
657,0.169611004
658,3.02257E-05
659,0.171606428
661,5.47245E-05
662,0.173601851
663,7.31822E-05
664,0.174100707
665,9.95168E-05
666,0.174100707
668,2.41247E-05
669,0.175098419
670,4.06069E-05
673,0.17859041
674,0.002851904
675,0.17859041
676,0.001564617
677,0.179089266
678,0.000297079
679,0.183578969
680,7.0643E-05
681,0.184077825
682,3.13082E-05
683,0.283350148
684,0.000875607
684,0.283849004
685,0.001371051
689,0.28434786
690,0.001476314
691,0.284846715
696,0.000140682
697,0.285345571
697,6.63428E-05
698,0.285844427
699,0.004090339
700,0.286343283
701,4.07565E-05
703,0.286842139
704,0.000151024
705,0.287340995
706,0.004573875
707,0.288338707
708,0.00070188
709,0.288837563
710,0.000524557
711,0.289336418
712,0.00041183
713,0.291331842
715,1.66668E-05
715,0.292329554
717,0.001110658
718,0.29282841
719,0.002346254
728,0.294324977
728,0.000146294
730,0.294823833
734,6.02169E-05
734,0.295322689
735,4.76806E-05
736,0.295821545
737,0.001488342
738,0.296320401
740,0.002430007
741,0.296819257
742,0.005171948
744,0.297318113
746,0.000157185
748,0.297816969
749,7.81208E-05
751,0.29881468
752,0.000120154
753,0.299313536
755,0.001428055
759,0.302306672
762,3.12134E-05
764,0.305299807
765,5.41758E-05
766,0.306796375
768,2.49627E-05
769,0.307295231
770,3.10588E-05
771,0.307794087
772,0.871501247
772,0.307794087
773,0.000408164
775,0.307794087
776,0.000141176
777,0.308292942
779,2.72725E-05
779,0.308292942
780,0.000126445
782,0.309290654
783,0.002544599
783,0.30978951
784,0.000520017
784,0.310787222
785,8.00364E-05
786,0.310787222
787,0.000171023
788,0.311286078
789,0.007566741
791,0.311784934
794,0.000281085
795,0.312782646
798,0.002521088
799,0.313281501
800,0.001002077
801,0.313780357
802,1.97397E-05
803,0.314279213
804,7.34964E-05
806,0.315276925
808,0.00013286
809,0.315775781
813,0.000695515
814,0.316274637
815,5.27141E-05
816,0.318768916
818,0.000678773
819,0.319267772
820,7.41001E-05
821,0.320265484
822,2.36707E-05
824,0.32076434
825,1.32696E-05
826,0.321263196
827,0.000107583
828,0.321762052
832,1.15934E-05
835,0.323757475
839,0.981748399
840,0.324256331
841,3.21912E-05
842,0.324755187
842,0.000129209
843,0.325254043
844,1.73103E-05
846,0.325752899
846,5.16715E-05
848,0.326251755
849,2.04032E-05
850,0.326750611
851,0.000507192
852,0.326750611
853,0.000621086
854,0.326750611
855,0.001270441
856,0.327249466
857,0.000647161
858,0.327748322
859,0.000151902
860,0.328247178
862,5.20756E-05
863,0.328746034
863,5.25694E-05
864,0.329743746
865,4.62539E-05
866,0.330242602
868,0.001710238
869,0.330741458
870,0.000682156
872,0.331240314
872,0.00094818
873,0.331739169
874,0.000103143
875,0.332238025
876,0.000206442
877,0.333235737
878,0.963789587
880,0.333734593
881,0.00010462
882,0.334233449
883,0.00142126
884,0.335730017
885,7.22443E-05
886,0.336228873
887,0.000366305
888,0.336727728
889,1.25811E-05
890,0.337226584
891,0.000402846
892,0.33772544
893,0.000190009
894,0.338224296
895,2.8764E-05
896,0.338723152
897,0.00042061
897,0.339222008
898,0.000352556
899,0.339720864
899,5.231E-05
900,0.34021972
901,9.67731E-05
902,0.340718576
902,3.68704E-05
903,0.341217431
904,1.81234E-05
905,0.341217431
906,1.77643E-05
909,0.341716287
910,0.00132535
911,0.343711711
912,0.017641465
913,0.344210567
913,0.000792577
914,0.344709423
915,0.000965995
917,0.347203702
918,2.95373E-05
920,0.347702558
921,0.000504827
922,0.347702558
923,0.000104884
924,0.348201414
925,0.002242452
926,0.34870027
927,0.045395886
928,0.349199126
929,0.001476055
930,0.349697982
931,0.00114689
932,0.350695693
933,0.00022238
944,0.351194549
948,2.43142E-05
951,0.351693405
952,1.53847E-05
953,0.352192261
954,0.0001352
954,0.352691117
955,0.820617946
956,0.353189973
957,2.33265E-05
958,0.353688829
959,1.82481E-05
960,0.354187685
963,1.23567E-05
964,0.354686541
965,0.000143316
966,0.355185397
967,0.000484998
968,0.355684252
969,0.000391003
972,0.356681964
974,4.45279E-05
975,0.356681964
978,0.999988796
980,0.357679676
981,0.002410701
982,0.358178532
983,7.79662E-05
984,0.358677388
985,0.000579905
986,0.363167091
988,0.000443832
989,0.363167091
991,7.30425E-05
992,0.364164803
993,4.99754E-05
993,0.366160226
994,0.000225623
999,0.366160226
1000,6.10001E-05
1000,0.366659082
1002,1.78092E-05
1003,0.367157938
1004,0.276733548
1005,0.367656794
1006,0.007272356
1007,0.36815565
1008,0.005596909
1009,0.369153362
1010,0.002349941
1011,0.369652217
1012,0.006007856
1013,0.370151073
1014,1.47262E-05
1016,0.371148785
1017,0.015127715
1018,0.372146497
1019,0.003210113
1020,0.373144209
1021,0.000213336
1022,0.373643065
1023,2.03284E-05
1027,0.374640776
1028,0.000792537
1029,0.375139632
1030,0.003080325
1032,0.375638488
1033,0.000775601
1034,0.3766362
1035,6.53352E-05
1036,0.378631624
1038,6.12395E-05
1043,0.380128191
1044,0.333734593
1046,0.381125903
1047,1.81035E-05
1049,0.381624759
1050,0.007862353
1050,0.382123615
1051,0.788691168
1051,0.383121327
1052,0.859029849
1053,0.383620182
1055,0.000561213
1057,0.384119038
1057,0.005923894
1058,0.384617894
1059,0.022667174
1063,0.38511675
1064,9.87336E-05
1070,0.38511675
1071,8.46209E-05
1077,0.385615606
1078,0.000517743
1087,0.386613318
1099,0.000962986
1100,0.387112174
1101,1.743E-05
1109,0.38761103
1110,2.33265E-05
1111,0.388608741
1112,9.53912E-05
1113,0.388608741
1114,1.77643E-05
1117,0.389107597
1120,0.000131184
1121,0.390105309
1122,5.2305E-05
1125,0.390604165
1126,0.009955213
1127,0.390604165
1129,0.007884208
1130,0.391103021
1132,6.8473E-05
1133,0.391103021
1134,3.4451E-05
1135,0.391601877
1136,0.000160397
1140,0.392100733
1141,0.000116942
1142,0.392599589
1143,2.29623E-05
1144,0.393098444
1146,1.82631E-05
1147,0.3935973
1148,2.34063E-05
1152,0.394595012
1152,0.001610571
1153,0.39609158
1153,1.01617E-05
1154,0.396590436
1155,1.2207E-05
1158,0.398087003
1159,0.000202007
1160,0.398585859
1162,0.000376222
1164,0.399084715
1166,0.008266047
1167,0.399583571
1168,1.09E-05
1169,0.400082427
1170,0.001147633
1171,0.400581283
1173,0.233157887
1174,0.401080139
1175,0.000108686
1175,0.402077851
1175,0.00198619
1176,0.403075562
1177,0.00278386
1178,0.403574418
1181,0.000458478
1182,0.405569842
1183,8.98639E-05
1183,0.406068698
1184,2.78262E-05
1187,0.406567554
1189,0.000170718
1190,0.407066409
1191,0.000162333
1192,0.408064121
1193,0.000160043
1194,0.408562977
1196,6.28209E-05
1197,0.409061833
1198,6.81587E-05
1199,0.409560689
1200,3.90704E-05
1201,0.410059545
1202,0.001371115
1203,0.411057257
1204,0.000247587
1205,0.411556113
1206,5.27939E-05
1207,0.412054968
1208,0.000120868
1209,0.412553824
1210,0.000108561
1212,0.41305268
1213,2.74321E-05
1214,0.415048104
1215,0.000162961
1216,0.416544671
1217,8.13185E-05
1225,0.418540095
1227,3.20365E-05
1234,0.419038951
1235,0.000216673
1237,0.419537807
1239,0.115390816
1240,0.420036663
1241,0.000166613
1242,0.420036663
1245,0.000117012
1246,0.420535519
1246,0.000971492
1247,0.421034375
1252,0.002961623
1254,0.422032086
1255,1.84826E-05
1256,0.422032086
1257,3.50845E-05
1259,0.423029798
1260,0.000821925
1261,0.423528654
1262,0.000832276
1264,0.42402751
1265,0.000928396
1267,0.424526366
1268,0.000399609
1270,0.425025222
1271,0.002887787
1273,0.425524078
1274,8.26055E-05
1275,0.426022933
1276,0.000380437
1277,0.426521789
1278,1.42822E-05
1279,0.427020645
1280,0.013471803
1282,0.427519501
1285,0.000783413
1286,0.428018357
1288,0.000161789
1289,0.428517213
1289,1.16433E-05
1291,0.429016069
1292,1.96849E-05
1293,0.430013781
1295,0.00090488
1298,0.430512636
1300,0.008872332
1301,0.430512636
1302,0.00659276
1303,0.431011492
1304,0.00497495
1305,0.431510348
1305,0.000198595
1306,0.432009204
1307,0.000166718
1309,0.433006916
1311,4.57401E-05
1312,0.433505772
1313,4.3156E-05
1314,0.434004628
1315,7.02688E-05
1316,0.43500234
1317,0.000634854
1318,0.43500234
1320,0.000274825
1322,0.435501195
1324,2.89935E-05
1325,0.436000051
1327,0.005515765
1327,0.436498907
1328,0.861524129
1328,0.436997763
1330,0.000186622
1331,0.437496619
1332,6.3649E-05
1333,0.437995475
1334,0.000192668
1335,0.438993187
1336,0.003653172
1337,0.439492043
1338,1.45267E-05
1344,0.439990898
1346,0.863020697
1347,0.440489754
1348,0.99022895
1349,0.44098861
1350,2.24635E-05
1352,0.441487466
1353,0.937350225
1353,0.441986322
1354,0.001211057
1355,0.442485178
1356,0.000507666
1356,0.442984034
1357,0.000275882
1358,0.44348289
1359,8.79682E-05
1360,0.443981746
1361,0.000674743
1362,0.444480602
1363,8.2406E-05
1364,0.444979457
1365,1.89266E-05
1366,0.445478313
1367,0.009833278
1368,0.445977169
1369,0.000980167
1370,0.446476025
1371,0.000673421
1372,0.446974881
1373,0.000531207
1374,0.447473737
1375,0.00073041
1376,0.447473737
1377,0.000488984
1379,0.447972593
1380,0.000287092
1381,0.448471449
1382,0.00011128
1383,0.448471449
1384,0.0001526
1386,0.448970305
1387,0.000169506
1388,0.44946916
1389,0.000128849
1391,0.449968016
1392,0.002863438
1393,0.449968016
1394,0.002175097
1394,0.450466872
1395,5.11228E-05
1395,0.450965728
1397,0.003275892
1398,0.451464584
1399,1.1773E-05
1400,0.45196344
1404,0.000370196
1406,0.453460008
1408,0.000422172
1409,0.453958864
1412,1.03114E-05
1415,0.454457719
1416,0.000387855
1417,0.454956575
1418,7.6729E-05
1419,0.455455431
1420,0.001148905
1422,0.455455431
1423,0.00093505
1425,0.455954287
1428,0.000138867
1432,0.456453143
1433,5.16166E-05
1433,0.457450855
1434,1.61629E-05
1435,0.457949711
1435,1.53498E-05
1436,0.458947422
1437,3.7499E-05
1438,0.459446278
1439,0.000126011
1440,0.459945134
1441,0.000533641
1442,0.46044399
1444,0.000102226
1445,0.460942846
1446,0.000269602
1447,0.461441702
1448,0.874993238
1449,0.461940558
1451,1.52949E-05
1453,0.462439414
1453,0.00115327
1456,0.46293827
1458,0.000242434
1460,0.463437125
1461,5.8007E-05
1462,0.463935981
1465,0.000111275
1466,0.464434837
1478,0.000398925
1478,0.464933693
1482,2.36358E-05
1484,0.465432549
1485,7.76719E-05
1486,0.470919964
1487,0.000124275
1488,0.472915387
1490,1.40627E-05
1491,0.474411955
1491,0.024370188
1493,0.474910811
1494,0.000107454
1495,0.475409667
1496,1.32047E-05
1497,0.475908523
1498,0.000476936
1498,0.475908523
1499,0.001359312
1500,0.476407379
1501,3.90105E-05
1502,0.476906235
1502,0.01277124
1503,0.477405091
1504,0.000150904
1505,0.477903946
1506,6.83882E-05
1507,0.478402802
1508,1.5714E-05
1508,0.478901658
1509,8.34935E-05
1511,0.480398226
1512,0.000134063
1513,0.480897082
1514,1.27957E-05
1515,0.481395938
1516,1.18528E-05
1516,0.481894794
1517,0.971771281
1519,0.482393649
1520,0.937849081
1522,0.482892505
1523,1.91511E-05
1525,0.483391361
1526,4.03574E-05
1527,0.484887929
1528,6.42227E-05
1529,0.485885641
1530,0.0003597
1531,0.486384497
1535,1.89964E-05
1536,0.487881064
1537,1.29503E-05
1538,0.488878776
1539,7.0653E-05
1540,0.489377632
1541,0.000460224
1542,0.489876488
1543,1.52301E-05
1544,0.490375344
1545,0.00101381
1546,0.4908742
1547,0.002300145
1548,0.491373056
1548,1.59085E-05
1549,0.491871911
1550,4.29116E-05
1551,0.492869623
1552,1.89715E-05
1553,0.493368479
1554,0.001226981
1556,0.494366191
1557,0.000120778
1558,0.494865047
1559,0.000128176
1560,0.495363903
1562,7.35363E-05
1563,0.495363903
1564,0.002131536
1564,0.495862759
1565,0.99621522
1566,0.498357038
1567,0.00043389
1568,0.498855894
1569,0.000515443
1570,0.498855894
1571,0.000242828
1572,0.499853606
1573,0.001298517
1574,0.500352462
1575,3.04901E-05
1576,0.500851318
1577,0.000494885
1578,0.501350173
1579,0.000321133
1580,0.501849029
1581,0.00086534
1583,0.502347885
1584,0.003123222
1585,0.502846741
1586,0.00226293
1587,0.503345597
1588,0.002340682
1588,0.503844453
1589,0.003228905
1590,0.504343309
1591,0.002756393
1591,0.504842165
1592,0.003090766
1593,0.505341021
1594,0.00228679
1595,0.505839876
1596,0.00227384
1597,0.506837588
1598,5.28737E-05
1599,0.507336444
1600,0.00293205
1601,0.5078353
1602,1.30301E-05
1603,0.508334156
1604,0.00306973
1605,0.508833012
1606,0.000204476
1607,0.509331868
1607,1.65271E-05
1608,0.509830724
1610,0.000745086
1610,0.51032958
1611,0.001644718
1612,0.512325003
1613,0.002397721
1614,0.512823859
1615,0.000173582
1616,0.513322715
1617,0.000513991
1620,0.513821571
1622,0.000476722
1623,0.514819283
1624,5.14819E-05
1625,0.515318138
1627,0.000116079
1628,0.515816994
1629,0.00018075
1633,0.51631585
1634,1.15335E-05
1635,0.516814706
1636,5.03296E-05
1637,0.517812418
1638,0.000413098
1639,0.520306697
1640,0.869006967
1641,0.520805553
1642,3.96541E-05
1643,0.521803265
1644,2.82053E-05
1644,0.522302121
1645,0.000148499
1647,0.523299833
1648,3.15576E-05
1649,0.523798689
1650,0.000394904
1650,0.523798689
1651,0.000251713
1652,0.524297545
1653,8.95845E-05
1654,0.524297545
1655,3.77784E-05
1656,0.5247964
1657,0.000585757
1658,0.525295256
1659,2.55115E-05
1660,0.526292968
1661,8.95696E-05
1662,0.52729068
1663,6.78943E-05
1664,0.52729068
1665,0.000355235
1667,0.527789536
1668,0.000155443
1669,0.528288392
1670,1.03363E-05
1673,0.530283815
1674,1.07054E-05
1676,0.530782671
1677,0.000336019
1678,0.533775807
1679,0.061858131
1680,0.534274662
1682,1.72255E-05
1683,0.537267798
1684,0.965286155
1685,0.537766654
1686,0.007999139
1687,0.542256357
1688,4.11057E-05
1689,0.548242627
1690,0.000149587
1691,0.548741483
1692,5.22352E-05
1693,0.549240339
1693,0.00011103
1694,0.553231186
1695,1.45367E-05
1696,0.553730042
1697,1.22918E-05
1698,0.554228898
1699,2.10966E-05
1700,0.554727754
1701,1.34891E-05
1701,0.55522661
1702,0.87349667
1710,0.555725466
1711,1.05159E-05
1714,0.557222034
1714,0.000191571
1715,0.558718601
1716,0.000127702
1716,0.559217457
1717,0.000112926
1718,0.559716313
1718,0.00012624
1719,0.561212881
1721,3.0101E-05
1721,0.561711737
1722,7.15709E-05
1723,0.562210592
1724,2.55664E-05
1725,0.563208304
1726,0.002006842
1727,0.56370716
1728,0.002787791
1729,0.564704872
1730,0.000659642
1731,0.565203728
1732,0.000440604
1733,0.565702584
1734,9.43087E-05
1735,0.56620144
1736,7.94129E-05
1736,0.566700296
1737,1.52101E-05
1738,0.568695719
1740,8.90907E-05
1741,0.569194575
1742,4.7521E-05
1743,0.569693431
1745,4.37147E-05
1746,0.570192287
1747,0.000269272
1748,0.570691143
1749,1.56242E-05
1750,0.571688854
1751,0.000167067
1752,0.57218771
1753,1.41376E-05
1754,0.572686566
1755,0.00165046
1756,0.57468199
1758,2.34512E-05
1759,0.57468199
1760,1.80686E-05
1761,0.575180846
1762,9.16498E-05
1763,0.575180846
1764,0.000260498
1765,0.575679702
1766,0.002240097
1767,0.576178558
1768,2.71477E-05
1769,0.577675125
1770,5.0599E-05
1773,0.578173981
1774,0.000392066
1776,0.578672837
1777,5.24996E-05
1777,0.579670549
1778,0.000708685
1778,0.580668261
1778,0.004762203
1779,0.581665972
1781,3.49049E-05
1783,0.582164828
1784,0.000207429
1786,0.582663684
1787,0.000332243
1788,0.58316254
1789,1.7435E-05
1790,0.583661396
1791,0.000581501
1793,0.584160252
1794,0.000252521
1797,0.585157964
1798,7.93929E-05
1799,0.58565682
1800,0.001459707
1801,0.586155675
1802,0.003465816
1805,0.586155675
1806,0.000914228
1807,0.586155675
1809,0.001117078
1810,0.586654531
1811,0.94034336
1812,0.587153387
1814,0.001739251
1820,0.587652243
1822,0.000942264
1823,0.589148811
1824,6.05312E-05
1825,0.589647667
1826,0.001388745
1827,0.590146523
1828,2.97019E-05
1830,0.590146523
1832,3.23358E-05
1834,0.590645378
1835,6.00323E-05
1837,0.592141946
1839,0.000162607
1840,0.593139658
1841,2.04032E-05
1842,0.593638514
1844,2.9213E-05
1845,0.59413737
1847,1.95252E-05
1847,0.594636226
1848,0.87349667
1849,0.595135081
1851,1.81833E-05
1853,0.595633937
1854,1.01667E-05
1855,0.596631649
1857,0.000260498
1858,0.597130505
1859,2.69632E-05
1860,0.597629361
1862,0.000146145
1864,0.598128217
1866,2.19098E-05
1869,0.598627073
1869,4.63886E-05
1870,0.599125929
1871,0.000294415
1872,0.599624785
1873,2.63146E-05
1874,0.60012364
1875,0.002152109
1876,0.600622496
1876,2.44789E-05
1877,0.601121352
1878,0.000157254
1879,0.601620208
1880,0.000160018
1881,0.602119064
1881,0.000895367
1884,0.60261792
1884,0.001721347
1885,0.603116776
1887,0.000254257
1889,0.603615632
1890,0.000183105
1893,0.604613343
1893,0.000482643
1894,0.605112199
1896,3.55684E-05
1897,0.605611055
1898,0.002488737
1899,0.606109911
1902,0.940842216
1905,0.606608767
1906,0.004840962
1908,0.607107623
1909,0.000271288
1909,0.61109847
1910,2.37755E-05
1911,0.612096182
1912,3.75788E-05
1913,0.615588173
1914,1.29752E-05
1915,0.616087029
1916,0.000175363
1919,0.617084741
1920,0.000345737
1921,0.618082453
1923,0.001305571
1924,0.618581309
1925,0.000392744
1926,0.619080164
1927,0.000560958
1928,0.61957902
1930,0.000442914
1931,0.621075588
1933,3.08941E-05
1934,0.621574444
1935,1.26011E-05
1936,0.621574444
1937,0.002532008
1938,0.6220733
1939,9.52166E-05
1940,0.624567579
1941,0.000681851
1942,0.625565291
1943,0.003294255
1944,0.626064147
1945,0.063853554
1946,0.626563003
1947,0.000181304
1948,0.627061859
1949,6.99147E-05
1950,0.62805957
1951,0.001975449
1952,0.628558426
1955,0.000198455
1957,0.629057282
1959,0.002195814
1960,0.629556138
1961,2.41297E-05
1962,0.63055385
1963,4.67179E-05
1965,0.631052706
1966,0.000127009
1967,0.632050418
1968,6.15788E-05
1969,0.632549274
1970,3.10189E-05
1971,0.633546985
1972,1.84876E-05
1973,0.634045841
1974,6.105E-05
1975,0.635043553
1976,0.00364072
1977,0.635542409
1978,5.01101E-05
1979,0.636041265
1980,1.74849E-05
1981,0.636540121
1985,0.969277002
1986,0.637038977
1988,4.37596E-05
1990,0.637537832
1991,1.02665E-05
1994,0.638036688
1997,1.73452E-05
1998,0.638535544
2002,1.32646E-05
2003,0.639533256
2004,4.90226E-05
2006,0.641029824
2006,3.31839E-05
2007,0.64152868
2009,0.001097553
2011,0.642526391
2014,0.000703786
2015,0.643025247
2017,4.80747E-05
2018,0.643025247
2019,3.38723E-05
2020,0.644022959
2021,0.000354841
2023,0.644521815
2024,3.36179E-05
2025,0.645020671
2025,0.918393701
2026,0.646018383
2027,1.14537E-05
2028,0.64751495
2029,0.000106895
2030,0.648512662
2032,0.000202381
2036,0.649011518
2037,1.64722E-05
2038,0.649510374
2039,0.000111579
2041,0.65000923
2042,1.34492E-05
2043,0.650508086
2043,1.1334E-05
2045,0.651006942
2047,1.18478E-05
2049,0.651006942
2050,1.10746E-05
2051,0.651505798
2052,0.000243761
2053,0.652004653
2057,0.000261775
2061,0.653002365
2062,0.901931456
2063,0.654000077
2063,1.33594E-05
2063,0.654498933
2064,1.16633E-05
2065,0.654997789
2067,8.37779E-05
2070,0.655496645
2070,5.32928E-05
2071,0.655995501
2075,0.000302736
2076,0.656494356
2077,1.62128E-05
2078,0.656993212
2079,0.000813494
2080,0.657492068
2082,1.29653E-05
2083,0.65848978
2084,0.000120539
2085,0.659487492
2086,1.85824E-05
2087,0.660485204
2088,4.10858E-05
2088,0.660984059
2089,2.54716E-05
2090,0.661981771
2093,0.000188323
2094,0.661981771
2095,5.48741E-05
2099,0.662480627
2100,3.8816E-05
2100,0.662480627
2101,9.0697E-05
2102,0.663478339
2103,4.13402E-05
2104,0.663977195
2106,2.43691E-05
2108,0.664476051
2110,0.002026861
2112,0.664974907
2113,0.002762849
2114,0.665473763
2114,0.002692864
2115,0.665972618
2116,2.96121E-05
2117,0.666471474
2118,0.00012874
2120,0.66697033
2121,5.62211E-05
2122,0.667469186
2123,0.000105423
2123,0.670462321
2125,4.28018E-05
2126,0.671460033
2127,0.000114453
2128,0.671958889
2129,0.000952725
2130,0.672457745
2132,0.003068418
2132,0.672956601
2134,5.06987E-05
2136,0.673455457
2137,3.12433E-05
2138,0.674453169
2139,0.821116801
2140,0.674952025
2141,0.000185185
2142,0.674952025
2142,0.000136996
2144,0.67545088
2145,0.000793819
2147,0.675949736
2148,1.03812E-05
2148,0.676448592
2149,1.4367E-05
2149,0.676448592
2150,3.19268E-05
2151,0.676947448
2151,2.03134E-05
2152,0.677446304
2153,9.37849E-05
2154,0.67794516
2154,1.12891E-05
2155,0.678444016
2156,1.34791E-05
2160,0.678942872
2161,0.000826674
2162,0.679441728
2163,0.888462347
2164,0.679940583
2165,0.0001308
2166,0.680439439
2167,0.000309261
2170,0.680938295
2171,0.00163297
2174,0.681437151
2175,0.000206217
2176,0.681936007
2176,0.00024002
2178,0.682434863
2179,0.000393288
2180,0.682933719
2185,6.83183E-05
2186,0.683432575
2187,0.000318674
2187,0.683931431
2188,1.62278E-05
2190,0.684430287
2192,0.000648637
2193,0.684929142
2194,1.64772E-05
2195,0.685427998
2195,1.75797E-05
2196,0.685926854
2196,0.000363257
2197,0.68642571
2198,0.00042964
2199,0.686924566
2200,4.06318E-05
2201,0.687922278
2202,6.26563E-05
2203,0.688421134
2204,8.51198E-05
2205,0.68891999
2206,0.000195093
2207,0.689418845
2208,1.04111E-05
2209,0.689917701
2210,7.57363E-05
2213,0.690416557
2215,6.61633E-05
2216,0.691414269
2217,9.60896E-05
2218,0.691913125
2219,0.000153792
2221,0.692411981
2222,0.000227044
2224,0.692910837
2226,5.54428E-05
2226,0.693908549
2227,1.28854E-05
2230,0.694407404
2230,2.05828E-05
2232,0.69490626
2233,2.87491E-05
2234,0.695405116
2235,5.74632E-05
2236,0.695405116
2237,3.83071E-05
2238,0.695903972
2239,0.000570786
2240,0.695903972
2241,0.002552895
2242,0.696901684
2243,0.025956131
2244,0.69740054
2245,0.00158475
2246,0.697899396
2246,2.76366E-05
2247,0.698398252
2249,0.001136668
2250,0.700393675
2251,2.7023E-05
2254,0.701391387
2254,1.05209E-05
2255,0.702389099
2257,0.000111769
2259,0.702887955
2264,1.49058E-05
2268,0.704384522
2269,0.000206097
2269,0.70588109
2270,0.000151173
2271,0.706379946
2273,0.002237638
2274,0.706878802
2278,0.00232177
2279,0.707377658
2282,0.000341666
2283,0.707876514
2284,5.02747E-05
2286,0.708375369
2287,4.63986E-05
2287,0.709373081
2288,0.000130062
2289,0.709871937
2290,0.000542476
2293,0.710869649
2293,0.000986787
2295,0.712366217
2296,0.000217885
2299,0.71436164
2300,3.30243E-05
2300,0.714860496
2303,5.96731E-05
2303,0.714860496
2304,3.28896E-05
2305,0.715359352
2306,1.67965E-05
2308,0.715858208
2310,1.93157E-05
2310,0.715858208
2313,1.21172E-05
2314,0.716357064
2315,0.001736253
2316,0.71685592
2318,4.83691E-05
2319,0.717354776
2320,4.23579E-05
2321,0.717853631
2322,0.933359378
2323,0.718352487
2326,5.84559E-05
2328,0.718851343
2329,1.53997E-05
2330,0.719350199
2331,0.003719085
2331,0.720347911
2332,1.89914E-05
2333,0.720846767
2335,0.000901717
2338,0.721345623
2339,0.000166583
2339,0.721844479
2340,0.000185415
2341,0.722343334
2343,0.002716545
2345,0.72284219
2345,0.000164064
2346,0.723839902
2348,0.000257465
2349,0.724837614
2355,0.000179124
2356,0.724837614
2357,7.1506E-05
2358,0.726334182
2359,8.53592E-05
2360,0.727331893
2362,0.00011329
2363,0.728329605
2368,9.57155E-05
2369,0.728828461
2371,0.002259707
2372,0.729327317
2375,2.59904E-05
2376,0.730823885
2377,0.916398277
2377,0.731322741
2379,8.3713E-05
2380,0.737309011
2381,3.70899E-05
2382,0.737309011
2383,1.55394E-05
2384,0.739304435
2386,1.36986E-05
2388,0.740302147
2389,1.34841E-05
2390,0.740801003
2391,1.16333E-05
2392,0.741299858
2393,0.000413936
2393,0.741798714
2394,1.41725E-05
2395,0.74229757
2396,4.05869E-05
2397,0.743295282
2398,0.002270188
2398,0.743794138
2399,0.003007592
2399,0.743794138
2400,0.000574088
2402,0.74479185
2402,2.7482E-05
2403,0.745290706
2405,0.000603666
2406,0.745789561
2408,0.001282753
2409,0.746288417
2411,0.002369526
2412,0.746787273
2414,0.002820032
2415,0.747286129
2416,0.00203842
2417,0.747286129
2418,0.000447135
2419,0.747784985
2420,0.002036629
2421,0.748283841
2422,1.01268E-05
2425,0.748782697
2427,0.732320452
2428,0.749281553
2429,1.34342E-05
2431,0.749281553
2432,0.000191132
2433,0.749780409
2434,1.00569E-05
2435,0.750279265
2436,0.000109938
2439,0.75077812
2440,1.06556E-05
2441,0.751276976
2442,1.04361E-05
2443,0.751775832
2444,0.974265561
2446,0.752274688
2447,1.7874E-05
2447,0.752274688
2447,0.00029227
2448,0.752773544
2452,4.47025E-05
2453,0.753771256
2457,0.565203728
2459,0.754270112
2460,1.76246E-05
2461,0.754768968
2463,3.14928E-05
2465,0.755267823
2466,9.84592E-05
2467,0.755766679
2469,1.62078E-05
2470,0.756265535
2471,1.8318E-05
2472,0.756265535
2473,4.0542E-05
2474,0.756764391
2475,1.72654E-05
2475,0.757762103
2476,0.002060529
2477,0.758260959
2477,0.000512345
2478,0.759258671
2482,0.000121646
2482,0.759757527
2483,9.47178E-05
2484,0.760755238
2486,0.001124641
2487,0.761254094
2489,1.15485E-05
2490,0.76175295
2493,2.15705E-05
2494,0.762251806
2495,1.45267E-05
2496,0.762750662
2499,4.98207E-05
2500,0.763249518
2501,0.000485447
2502,0.763748374
2503,3.6641E-05
2504,0.765743797
2504,1.04411E-05
2506,0.766242653
2508,7.54769E-05
2509,0.766741509
2510,0.002389046
2510,0.767240365
2511,1.78042E-05
2512,0.767739221
2512,2.50376E-05
2514,0.768238077
2519,0.000205733
2520,0.768736933
2523,0.003605745
2524,0.769235788
2525,0.000248854
2526,0.769734644
2528,0.907418871
2529,0.7702335
2531,0.000281325
2533,0.770732356
2534,1.38881E-05
2536,0.771231212
2537,7.27332E-05
2539,0.771730068
2542,0.926375395
2543,0.772228924
2544,3.33685E-05
2546,0.772228924
2547,1.28356E-05
2551,0.77272778
2552,1.81633E-05
2552,0.773226636
2553,5.43204E-05
2557,0.773725492
2558,2.60552E-05
2559,0.774224347
2560,2.09669E-05
2561,0.774723203
2563,1.72704E-05
2564,0.775222059
2565,6.24867E-05
2568,0.776219771
2568,2.37006E-05
2572,0.776718627
2573,0.000162587
2574,0.777217483
2575,0.000269512
2577,0.777716339
2578,2.10168E-05
2580,0.778215195
2581,0.000170444
2582,0.779212906
2583,4.08064E-05
2584,0.779711762
2585,1.15236E-05
2586,0.780210618
2589,1.79788E-05
2592,0.780210618
2593,1.14388E-05
2594,0.780709474
2597,1.65022E-05
2598,0.78120833
2599,0.000321772
2602,0.781707186
2603,1.72105E-05
2604,0.782206042
2605,0.000162348
2606,0.782704898
2607,0.000171891
2608,0.783203754
2609,0.000126355
2610,0.783702609
2612,2.03433E-05
2613,0.784201465
2613,2.37455E-05
2616,0.784700321
2617,0.000193042
2618,0.785199177
2619,9.57404E-05
2619,0.785698033
2620,3.49399E-05
2621,0.786196889
2621,5.30833E-05
2622,0.786695745
2623,2.37505E-05
2624,0.787194601
2626,0.97077357
2626,0.787693457
2627,3.73743E-05
2628,0.788192312
2629,0.94882391
2630,0.788691168
2630,1.04909E-05
2631,0.78968888
2632,7.65794E-05
2633,0.790187736
2634,3.71698E-05
2635,0.790686592
2637,1.42373E-05
2638,0.791185448
2639,1.57688E-05
2640,0.791684304
2641,1.19077E-05
2642,0.79218316
2643,1.42074E-05
2644,0.79218316
2645,4.11706E-05
2645,0.792682016
2646,5.42905E-05
2646,0.793180871
2647,0.000959739
2654,0.793679727
2654,0.000826569
2661,0.793679727
2662,0.000377918
2663,0.794178583
2664,0.000315142
2665,0.794677439
2666,4.59895E-05
2667,0.795176295
2668,4.68925E-05
2670,0.795675151
2671,4.08862E-05
2672,0.796174007
2673,7.59109E-05
2673,0.796672863
2674,0.910910862
2675,0.797171719
2676,2.56163E-05
2677,0.797670574
2678,2.14458E-05
2679,0.79816943
2680,5.91793E-05
2681,0.798668286
2682,0.00066706
2682,0.799167142
2683,1.65171E-05
2684,0.799665998
2685,1.10247E-05
2686,0.800164854
2687,0.944833063
2688,0.80066371
2689,1.02465E-05
2690,0.801162566
2691,2.47183E-05
2691,0.801661422
2692,0.967780434
2693,0.801661422
2694,6.24218E-05
2695,0.802160277
2696,0.000135474
2697,0.803157989
2698,1.63924E-05
2699,0.803157989
2700,0.000131628
2701,0.803656845
2701,1.15435E-05
2702,0.804155701
2703,2.77164E-05
2704,0.804654557
2705,0.000418276
2707,0.805153413
2709,3.10687E-05
2710,0.805652269
2711,1.86971E-05
2712,0.806151125
2713,5.68646E-05
2713,0.806649981
2714,2.10717E-05
2715,0.808146548
2716,5.37218E-05
2717,0.80914426
2718,2.77214E-05
2719,0.809643116
2720,0.004318166
2721,0.810141972
2722,0.001335752
2723,0.810640828
2724,0.000501041
2725,0.811638539
2726,0.001991837
2728,0.812137395
2729,0.003037863
2732,0.812636251
2733,0.003136826
2734,0.814631675
2735,0.000553002
2736,0.815130531
2738,0.000284059
2739,0.815629387
2740,4.65582E-05
2741,0.816128243
2742,8.5444E-05
2745,0.816627098
2746,0.973766705
2747,0.817125954
2749,1.53997E-05
2749,0.81762481
2751,0.002098707
2752,0.818123666
2753,0.001090484
2754,0.818622522
2756,2.58707E-05
2758,0.819121378
2759,3.68954E-05
2760,0.819620234
2761,0.857533282
2762,0.82011909
2762,0.000783084
2763,0.82011909
2764,0.000325957
2766,0.820617946
2767,0.002073924
2768,0.821615657
2769,2.02386E-05
2770,0.822114513
2771,2.3965E-05
2778,0.822613369
2779,0.00020264
2780,0.823112225
2781,0.001802775
2782,0.823112225
2783,0.000121032
2784,0.823611081
2785,8.34087E-05
2786,0.824109937
2787,1.50904E-05
2787,0.824608793
2788,0.000697091
2790,0.825107649
2792,0.975762129
2795,0.825606505
2799,1.04161E-05
2802,0.82610536
2803,1.18079E-05
2804,0.826604216
2807,0.000463587
2809,0.827103072
2810,9.28221E-05
2812,0.827601928
2813,0.00025712
2815,0.828100784
2819,0.000137749
2820,0.82859964
2822,0.000201228
2822,0.829098496
2823,7.67141E-05
2824,0.829597352
2826,2.49627E-05
2827,0.830096208
2828,1.91611E-05
2829,0.830595063
2830,2.65391E-05
2832,0.831592775
2833,2.94425E-05
2834,0.832091631
2835,0.336228873
2836,0.832590487
2837,1.27009E-05
2838,0.833089343
2839,1.76445E-05
2840,0.834585911
2842,2.09769E-05
2843,0.835084766
2844,3.49598E-05
2846,0.836082478
2847,0.000121242
2848,0.836581334
2849,0.000228641
2850,0.83708019
2850,2.10916E-05
2851,0.837579046
2853,8.63569E-05
2854,0.838077902
2856,2.399E-05
2858,0.839075614
2861,1.98146E-05
2862,0.83957447
2864,1.61929E-05
2865,0.840073325
2866,2.19746E-05
2867,0.840572181
2868,2.32666E-05
2869,0.841071037
2870,0.000112013
2871,0.841569893
2872,3.26052E-05
2873,0.842068749
2875,0.0027882
2876,0.842567605
2877,1.05259E-05
2878,0.843066461
2880,3.15925E-05
2881,0.843565317
2883,0.917395989
2885,0.844064173
2889,1.07803E-05
2890,0.844563028
2893,5.95335E-05
2894,0.844563028
2896,0.000109639
2897,0.845061884
2899,1.72155E-05
2900,0.84556074
2900,0.0013975
2902,0.846059596
2904,1.66019E-05
2905,0.846558452
2906,0.000105528
2907,0.847057308
2908,6.3669E-05
2909,0.847556164
2911,1.61679E-05
2912,0.84805502
2913,1.03413E-05
2914,0.848553876
2915,0.001342371
2916,0.848553876
2917,0.000948789
2919,0.849052732
2920,1.45167E-05
2923,0.853043579
2925,0.002063418
2926,0.853542435
2927,0.002143594
2928,0.855039002
2929,0.783702609
2934,0.855039002
2935,4.93418E-05
2936,0.855537858
2938,0.001932099
2939,0.856036714
2940,1.01617E-05
2941,0.856036714
2942,0.679441728
2943,0.85653557
2944,1.71108E-05
2945,0.857034426
2945,1.08202E-05
2947,0.857034426
2948,9.36851E-05
2950,0.857533282
2952,7.09473E-05
2953,0.858530994
2955,0.00017203
2956,0.858530994
2957,0.000122419
2959,0.859029849
2959,0.000217466
2961,0.859528705
2963,1.25562E-05
2964,0.860027561
2964,2.5726E-05
2965,0.860526417
2966,2.14907E-05
2968,0.861025273
2969,9.49921E-05
2970,0.861524129
2971,0.000106541
2972,0.862022985
2973,3.56383E-05
2974,0.862521841
2975,1.15435E-05
2978,0.863020697
2980,1.3514E-05
2981,0.863519552
2983,0.000113759
2984,0.864018408
2985,1.38881E-05
2986,
2987,
2988,
2988,
2989,
2990,
2991,
2992,
2994,
2995,
2997,
2999,
3000,
