Article_id,credibility_withoutInline_withMeanTime
6,30132
8,20668
10,15442
12,32965946262281936
23,11019988329
25,17954249857198956
27,5324813
28,3429744830
29,2342582112
33,25226
35,168823200978
36,21336155296
39,34639249473253
42,64633
43,110834940525430
46,213813762962
47,193894868
49,12897937296
50,32167148142
51,4941277927771176
54,25856988202
54,25856988202
242,1536960471
247,31229013
248,2562893633
249,252074850
253,143863
254,1532241
255,1146255652
259,1647
264,9118452
268,108269795
269,35154785
270,2587131
271,655376774
271,655376774
272,236434546
274,166726055668
278,187407109
280,9173530
290,33157576537058
291,1458344
293,21466
296,13065
301,108250070
303,50306044964808600
305,408576278171241
307,34807119456418384
308,3167016641737646
309,50734332234
311,106016082833751
312,17482410445267
313,17372042126657
314,8706760324036
315,511320341532
316,2526687219688
317,71306625497
319,567558245757
320,44224748351
321,42110737717
322,13986
323,12059268
324,545859701685615
325,1003897521
326,49102584
328,19007406198
330,719500596
332,358993959847
333,14785791
334,550499717612
336,125255745232957
337,64545190778241
337,64545190778241
339,9189418862263764
340,9827663500
344,193098310140
348,559840665279
349,6738586092193
349,6738586092193
351,1275997977
358,4016847889898631
358,4016847889898631
359,6856422200692823
368,46848781878306
369,3404274203795
568,1030339075894064
569,2635105727022999
570,1335878320368202
571,27710290597
572,746005460090
573,5326168580160699
574,124514618938095
575,9180730
576,3344350114638032
578,56189692200270
579,1530003987542
580,842853441864
584,127368317197
586,677037733190891
587,549781089326172
590,156344339155112
591,57301823
592,1316610683
593,97017297584013
594,1309034013212805
595,17194591989529852
596,12991445
597,351263065385
599,8515566118607
600,12043565200850
606,12809
612,730532957939
615,188537247050
616,7125
617,5285438
617,5285438
617,5285438
618,8602
618,8602
620,815375174424551
621,6149346382001
623,22998759182
623,22998759182
624,100336200031553680
625,4082680511922
627,483431234734378
628,108938393083665
629,588454265
630,6668443792
632,5338202311457
633,563543354339388
634,2511379437521
639,1119107407393534
640,885808997372278
642,20419814297
643,302238632241
644,301406
645,1698586197
649,8222794085
650,138730629060
651,6591251446554
652,1868100443
653,194450718160651
654,1125232
655,33473565115400
655,33473565115400
655,33473565115400
656,56128795997405
657,18408083915876
658,980796817440
659,240905848487
661,998219676275
662,581686652604715
663,2737295818492108
664,42643778828938
665,4344332922382
666,5182427107266
668,6222726574
669,21053
670,168865628077240544
673,83940212674
674,820674748866136
675,33489931076
676,38650170356140
677,46517822069199
678,392526336635
679,89044161668
680,2057482572597
681,252997321880
682,8599831669002
683,8233544358
684,20592458
684,20592458
685,22432628577979
689,4616118499540246
690,65096531495375
691,144457589839148
696,14244932361
697,145599609472235
697,145599609472235
698,98993162790839
699,680270766
700,1288041486677256
701,3345331108663326
703,18631641280360
704,648439467875
705,727323772104
706,10633483160102
707,583599247
708,75281770937
709,5755878231
710,19170838775
711,6225525265543
712,41147374775882
713,59159650477208
715,41799809982
715,41799809982
717,1553781353400761
718,219820126835
719,422855381632368
728,63529836684
728,63529836684
730,345459904553
734,189445839150
734,189445839150
735,4245
736,1024237549346995968
737,5493156174658419
738,822068907893435
740,115687498345136
741,1378396323050746
742,3662189144
744,19443304797161140
746,528907062306176
748,214941345724217
749,2019965690
751,665552199815045
752,1264113079290546
753,16381447319317
755,5777889
759,2342572276
762,84935325
764,35874055418
765,59153067176766024
766,15769160329
768,109062741
769,33863518073191
770,7111010085463099
771,95327302893672784
772,492284766489
772,492284766489
773,7139673636201216
775,1309782377662676
776,13332554524
777,52096307725
779,362190916
779,362190916
780,398448147023
782,382794997708
783,14741660584150024
783,14741660584150024
784,6731335983224
784,6731335983224
785,15485549069034
786,84522714831
787,19803051329
788,833741401
789,29508724260
791,684715559854157
794,56385353873
795,70916224724
798,1134506463855
799,4946579004192
800,1173933947095212
801,1072635703
802,436586147285835
803,272987200590801216
804,395275107
806,2997206699348820
808,4609167498801395
809,5676566267887
813,230639119691
814,2495207098
815,238730964198
816,1908061941
818,855067634
819,479797485
820,112564544
821,2562290849
822,25600852684025616
824,348822569615112
825,1327778997497
826,12149354404
827,145865963538
828,4581175180919
832,423283
835,157368228
839,6565
840,142310894930877
841,154104236663429952
842,593542888355
842,593542888355
843,108510894003422
844,521990905039852
846,14084925
846,14084925
848,508615094317062
849,103576979941384
850,110443467862989
851,5181594499359
852,3204725214938713
853,6706031356015
854,122509060657137
855,680904291
856,11828664482344922
857,166063613532865
858,97964
859,37527217819
860,28391430
862,1547152855246867
863,29722677936957440
863,29722677936957440
864,9523880936743138
865,31300858827533
866,7519580787704
868,2597639069206
869,4421819978884
870,2855783130300
872,79590927453954
872,79590927453954
873,24015523
874,26340758970452896
875,1656429719
876,44308496035826
877,924418621971
878,4706099928009
880,7796212609899358
881,9658630619326
882,11789514236
883,175985804
884,188050156910
885,28888127
886,285238392348242
887,794868338434923
888,11237610568590
889,558958775398
890,36639472802207
891,17140
892,5189688071
893,2093542506717189120
894,57515188144659
895,82191887359974
896,9993311442369
897,54291182523864
897,54291182523864
898,26809864174988
899,601547668688
899,601547668688
900,2714987599566
901,189030535650
902,642513289995410
902,642513289995410
903,566898191894
904,1202393001570271
905,715564076
906,6092615245157
909,152782752410407
910,1607891705
911,131258313724
912,14791653
913,53140781949203
913,53140781949203
914,258439396314
915,234267724741
917,1335119546
918,303598772
920,66494895552
921,399909729771
922,41315801582604
923,125464
924,10236333628323
925,31585672295
926,36921
927,321445873034703
928,94445629712938
929,50317322852
930,1030722557670
931,522013546831305
932,2533602341
933,8833240591
944,3373427373
948,543767192
951,10440059440561646
952,2439280210611
953,4653662312
954,234451573403190
954,234451573403190
955,11847192831
956,5566903151117
957,41995012296
958,240106413044
959,1220876487
960,376486460660
963,9563349445445
964,1495813
965,3176131498
966,962483124
967,2118876535
968,5120264875
969,228390236872
972,1533111753179
974,6375991755149
975,11332541238108
978,2123311936024
980,28450604918476
981,350307140098552
982,2711704205
983,393229274080922
984,288921944031806
985,300158789
986,16095311497009082
988,114112981923
989,1455993367181164
991,18750856087289
992,6084730341294
993,107175355544
993,107175355544
994,888410362
999,225977229323943
1000,958917448266547
1000,958917448266547
1002,36517608711146
1003,406677871720
1004,3577196551584
1005,1705659975861
1006,161047976462994
1007,43071573843500
1008,22601714585792
1009,23185210144161
1010,41708619038863
1011,31888667195473
1012,45945188199645
1013,31463813266047
1014,18023509466883648
1016,4415852574962
1017,3741318214348170
1018,72731403364
1019,377966672254458
1020,122530361469958
1021,11764576085
1022,1215581932340727
1023,6762365981924911
1027,29947329691458
1028,2690371149974
1029,228910717482544
1030,65854593204598
1032,1002055841801
1033,24065852728230
1034,44446641471681
1035,2684465937
1036,1099949224788
1038,65234406910939
1043,241556774
1044,5111850703345
1046,103912102745
1047,2655660154810
1049,12747978580
1050,27430814020214
1050,27430814020214
1051,20338864873634
1051,20338864873634
1052,126400110192222
1053,380762027
1055,1194980964592
1057,358218299979
1057,358218299979
1058,4153547248581
1059,196167038
1063,365623208776
1064,27569055667878
1070,272866238064
1071,404953498015
1077,3206012594
1078,47270679247434232
1087,67122972765
1099,13206866146
1100,14003419303
1101,3963766446009
1109,18954319586
1110,2764048240
1111,45751193208
1112,72414811548
1113,202429379
1114,65993717
1117,10426196477407
1120,424125285591
1121,479807849
1122,1276014951
1125,91506255550
1126,70344314956
1127,21957463769
1129,15676323656764
1130,3514622161892587
1132,1358254014464204
1133,38456879074365
1134,791332995130
1135,10034046093383
1136,89735574
1140,17253887503177
1141,235250360033
1142,589149693921
1143,285878826385259
1144,22276649943
1146,2928178708861
1147,17132295803
1148,1147030365106392
1152,173383592743
1152,173383592743
1153,519903964
1153,519903964
1154,18627015487279
1155,3946180230
1158,687244856524
1159,274185964137400
1160,807613009825
1162,6261802940272464
1164,1152534990789036
1166,31218082233
1167,674337510303
1168,261581663128095
1169,6191785424
1170,258309520815159
1171,82346334951651
1173,2613726572328
1174,379090353380081
1175,52077177877420
1175,52077177877420
1175,52077177877420
1176,4815031934
1177,3311346834345691
1178,282989213365764
1181,739729794582
1182,453089718467756
1183,13698215233958
1183,13698215233958
1184,71651314
1187,116748545293
1189,832635163570
1190,208613359124
1191,4989307058
1192,8508512755
1193,88195846454
1194,478692195
1196,31162219449791
1197,6980330428
1198,2507891494837
1199,166801421
1200,430458668177
1201,1621432063764150
1202,29262799136
1203,3971216039629102
1204,152750470969
1205,31538
1206,673390197584240
1207,126656034308278
1208,379257803464087
1209,375482001805
1210,1622093475550
1212,876835972394
1213,263205392962
1214,10192905618117928
1215,51510415
1216,4447522065542045
1217,4831376403578
1225,12444745893
1227,274314213631
1234,1877941631
1235,722195537285
1237,48391364937909
1239,898221867712336
1240,34393859289492
1241,82154168061149
1242,35908409333341
1245,1072699472
1246,13248035062
1246,13248035062
1247,568688246874
1252,255465331160069
1254,49692696136816
1255,2063
1256,7651026524521
1257,453403099969
1259,17339679102108
1260,36383716318847
1261,22110225912686
1262,457058774
1264,327205868872
1265,1506163797
1267,112099346644
1268,67037
1270,22746929505
1271,3971429871770
1273,13300511002875844
1274,428396957820
1275,30255125256
1276,1537653398
1277,808339563396
1278,1012813793
1279,153070811913
1280,22764196
1282,715306
1285,6999764649557
1286,30992194617528
1288,6437883928496670
1289,2529273795398
1289,2529273795398
1291,13399712052812
1292,507395949856
1293,88396342765
1295,85802550
1298,2804146762038
1300,21857706950014
1301,31557218962
1302,4441684082843
1303,967081953906
1304,6082806074
1305,1506606276
1305,1506606276
1306,455384454786780
1307,24853269738390
1309,2852602842
1311,63685667454
1312,946346583
1313,802081056245
1314,10683
1315,6670129967032794
1316,178247043492
1317,120567485540396
1318,1586982463
1320,96083748
1322,15507008799
1324,568669954207
1325,43765880272
1327,41738975068587
1327,41738975068587
1328,155233
1328,155233
1330,3048813647
1331,30849812068
1332,18350109731840
1333,39050756037799
1334,31300388166672
1335,698913306321
1336,386681014741
1337,11351
1338,29227352009494
1344,95853158573
1346,2290395542702
1347,2751391711152483
1348,1104836814075390
1349,3894362058747
1350,37701720
1352,1464023930
1353,10241497486
1353,10241497486
1354,156531919070427
1355,1047904818
1356,5315594647
1356,5315594647
1357,478324517188
1358,556258072637801
1359,2173985655
1360,30424152073
1361,63794685049480
1362,2710440706
1363,593517127222
1364,3050682977083
1365,1338921552269062
1366,6346857598730
1367,127120787407310
1368,276722107455842
1369,222959225859
1370,100205329289249
1371,17624911997
1372,164021028508509
1373,14362696664
1374,101041039731
1375,175093627332259
1376,2602238227260
1377,1875937983
1379,645046428431
1380,525186552170
1381,17648765793373
1382,1294849667
1383,1037632267613
1384,2926487183712
1386,83915011529
1387,6238843709842
1388,39796378343913
1389,1048489334374
1391,87059380
1392,9256445598
1393,1998519914978
1394,3137454571881
1394,3137454571881
1395,17817139189396
1395,17817139189396
1397,111367595575350864
1398,140088203739430
1399,166726
1400,230060981937650
1404,1473110047
1406,48865681
1408,15752311697094
1409,104453415365
1412,16608926930304
1415,151837245
1416,21020359835511
1417,119098306125121
1418,17909007280486
1419,3280298364563
1420,157361068
1422,1431155110567
1423,653578309108064
1425,709859788210092
1428,200020280095
1432,154200728267
1433,251373888720
1433,251373888720
1434,5170092630
1435,112658047946
1435,112658047946
1436,3671209849275853
1437,2606670053934
1438,1014441933670
1439,149475035
1440,22865306865880
1441,6482527457
1442,60037767218317
1444,40513810757
1445,175474928848141
1446,24340370699908
1447,2057167032012
1448,44782756422510
1449,4883751330058
1451,329988107833244
1453,16444979478840
1453,16444979478840
1456,19715037691807
1458,1206973109177856
1460,5008416737854
1461,930358684681455
1462,35775456985
1465,168276
1466,4668346776100
1478,9482153636373
1478,9482153636373
1482,6796029086
1484,44682966469
1485,113844524985
1486,126934909332584
1487,134291223275
1488,274447174872
1490,21596274105136
1491,48532279566001
1491,48532279566001
1493,22256692939377
1494,4912698158868589
1495,343613614809142
1496,23795803325352
1497,37524586873740
1498,18526907286840
1498,18526907286840
1499,19552782436789
1500,5688902124
1501,65833940
1502,91530082
1502,91530082
1503,13083676
1504,70650578899
1505,109923894
1506,36423831
1507,11121110
1508,133442839012
1508,133442839012
1509,696753370920
1511,180713411900
1512,6633519484
1513,204336898703
1514,6086933557389
1515,13053339421
1516,662551103
1516,662551103
1517,1800817521
1519,17972321639540
1520,27369882529389
1522,303620080
1523,3993581813400
1525,1346238746332070
1526,55424003193
1527,20532364554
1528,1397676501
1529,329698567921
1530,61562774330061
1531,85293208689
1535,10469750438
1536,23046525062
1537,12709258580932456
1538,6761445789
1539,1217657631085
1540,23722909511863
1541,62636268232382
1542,18883624595870
1543,6493395677
1544,6208276574664
1545,374722675862
1546,1756916460054
1547,27668442
1548,407044913218
1548,407044913218
1549,119609624274
1550,1133592706663
1551,88550987030
1552,7611866219
1553,10532491060
1554,416356099366
1556,452657275187
1557,35020603709091
1558,23062834956985
1559,66243754909
1560,402901412118288
1562,334985086300
1563,2727347810
1564,72906984929
1564,72906984929
1565,5578345208
1566,210906691825917
1567,23546672168
1568,5815296044847
1569,37420996391
1570,45841993443407
1571,64976214407
1572,2872107124
1573,9760775626949
1574,422500226227
1575,1292256493585
1576,4486118300100
1577,244241186782
1578,6828618263
1579,145235095921
1580,101296748773
1581,65302609783
1583,4313075789799
1584,825553967387
1585,16136622529
1586,17657659327
1587,10124386463
1588,15195838255
1588,15195838255
1589,221481555798
1590,1110507429334208
1591,459937418095157
1591,459937418095157
1592,69001300402629
1593,1061130249608
1594,296507917073
1595,601711514187
1596,951514780433
1597,15139503
1598,174799855
1599,174985023792
1600,946510593517
1601,9104456437002
1602,305686396
1603,83768905
1604,23384410
1605,584298892
1606,1865283285429
1607,2788655704
1607,2788655704
1608,27412
1610,29688
1610,29688
1611,36720
1612,1429601620
1613,13133956578334
1614,1705496623
1615,102503962149
1616,1224091702447
1617,125704287007
1620,7834267461118
1622,12615154
1623,1941102360807495
1624,366516318843055
1625,140929788226849
1627,2767110091613413
1628,42768196473002
1629,45736423278090
1633,14841089274842
1634,38429042021828
1635,10615267747233
1636,2217390725
1637,3350140514
1638,61311951
1639,23760375318093
1640,683538179419269
1641,18166731761
1642,3070087469191
1643,4230636705
1644,427453982442671
1644,427453982442671
1645,1529591284626518
1647,48936695103
1648,62749252552
1649,8313878631430
1650,17278819777677
1650,17278819777677
1651,16736
1652,58105182182
1653,117678112836488
1654,984776601
1655,11047642429
1656,65404994942
1657,14539238463809
1658,457985151247
1659,2161282986173
1660,1570223643504
1661,5924412129547
1662,360787498635
1663,54589841
1664,29779308462
1665,1196691
1667,6526
1668,96060275
1669,2196116311
1670,149679232929
1673,3335586426
1674,27982939713
1676,3401391526793
1677,5828856793697
1678,274738827
1679,4043744771114
1680,23243854634
1682,5535851
1683,30219121271
1684,16595830899
1685,216866825264
1686,4803512395240
1687,1876068709061
1688,67434357995231
1689,222198903
1690,56547829163
1691,12701243
1692,11224636
1693,7221865346
1693,7221865346
1694,5787467
1695,1700169176826601
1696,9360800
1697,1831660055532
1698,920288012890
1699,7964094
1700,7054796374
1701,461902535492909
1701,461902535492909
1702,40996986
1710,23000292197715
1711,18414730474294
1714,267874339
1714,267874339
1715,821109954341595
1716,95516612386
1716,95516612386
1717,451941576586
1718,9316807236
1718,9316807236
1719,9050799253949
1721,10750883367075
1721,10750883367075
1722,54259666481785
1723,9787890543
1724,2096822086675
1725,6225033642
1726,3815194883327
1727,10659251772496
1728,241204568781
1729,783090590
1730,12171305063
1731,25583374137844
1732,225309511510
1733,5234918535287
1734,1285162323906
1735,459423103430
1736,152563190371
1736,152563190371
1737,2360965006139
1738,1554794368
1740,450190566
1741,462624973386
1742,3772594
1743,14529758
1745,28381
1746,286000574
1747,3235696897
1748,17566855939
1749,6885571860
1750,549079560289300
1751,310378008
1752,2325324447
1753,27789935273548
1754,625775862
1755,439972541785
1756,53181285504228
1758,278390664876
1759,1556592223
1760,174858295857
1761,322273195214
1762,9040295206419
1763,230047069
1764,1448964065
1765,1274412138
1766,4857
1767,1002009329882
1768,4232029308
1769,2760
1770,285812119323732
1773,910198889916
1774,5348174049091
1776,1020712531458
1777,21553028345925
1777,21553028345925
1778,5155413678485
1778,5155413678485
1778,5155413678485
1779,1011776186
1781,25790788395260
1783,126919523343965
1784,7757763552202469
1786,6384170202293
1787,25968638215704
1788,498125147
1789,2220925487400
1790,1793162629175
1791,172652095129549
1793,20971651893271
1794,14104294559958
1797,370576435253
1798,2031514301445
1799,3387597086
1800,129584275015345
1801,8992545123
1802,14068686836
1805,95613829325873
1806,8444956335142909
1807,5589142206
1809,733633486
1810,5128036989
1811,27882911
1812,107892035007498
1814,1174122266268834
1820,870780151218
1822,44866060820333
1823,149978063306
1824,1214172
1825,164454671116
1826,16419539825477
1827,34978428501444
1828,1016452127026987
1830,5180
1832,51860837019
1834,177646101950
1835,426108088857
1837,1376608748159
1839,227831909473
1840,68777938102
1841,5064759828177
1842,4177757015942
1844,752875474421506
1845,649691496594379
1847,382800059215
1847,382800059215
1848,1685213
1849,16741773467
1851,312050006649
1853,1005255263022
1854,325261798176245
1855,488799214328318
1857,25747277613513
1858,203941692
1859,255340420891182
1860,19356880035
1862,34944305591865
1864,13998675781914
1866,3573197849
1869,2296795721658
1869,2296795721658
1870,63093392
1871,10465239379307
1872,178250515696
1873,83404719707
1874,1315014298190
1875,26730174031
1876,1494352572
1876,1494352572
1877,56678661
1878,495062530676
1879,92143923572
1880,26111559040
1881,15130673993163
1881,15130673993163
1884,4569448231302520
1884,4569448231302520
1885,676454125992
1887,67972645
1889,5351071861
1890,914682551110027
1893,510616718511
1893,510616718511
1894,6823563665
1896,9718315556043
1897,429144480959988
1898,13251388540
1899,39097953352760
1902,59641913584172
1905,1264872388424
1906,1864283270
1908,339284611
1909,38613825064
1909,38613825064
1910,8913540993035
1911,883613320194
1912,22663063866
1913,10710457795
1914,111938231653898
1915,223294216314
1916,3352435297
1919,319793524
1920,15190935391
1921,37694792485293928
1923,1492586755408
1924,3224703750
1925,411991927102
1926,45666683154
1927,58203304149
1928,96314516
1930,48362780299668616
1931,5555731261
1933,8158001196
1934,2332087938384
1935,8171628
1936,759355638
1937,14231834833290
1938,3191064578671202304
1939,105381897666
1940,9388197595
1941,5319983009239
1942,564678840684832
1943,234140565519223
1944,5906349007465565
1945,1805927710886779
1946,177009493774
1947,19244577
1948,19581895371065
1949,360504996439
1950,3840427198070583
1951,22371653810813
1952,565366
1955,12416183746043
1957,423430095496221
1959,439012585
1960,3226116200
1961,99883681920218160
1962,8515030812161
1963,1664351172561
1965,133173312491706
1966,1399169927844
1967,14901977728138
1968,10377370292200
1969,6443013592302705
1970,3641923285231
1971,12191079634793
1972,148877627
1973,1982253821099053
1974,17239959217969
1975,11471159111593
1976,463615028
1977,6228133450746
1978,5068319595
1979,41975545772606
1980,895887997846744
1981,733297988667454
1985,1028610222
1986,21628179114
1988,2091433849600
1990,26896777290775
1991,509317154
1994,63113999180
1997,58474749907927
1998,1969870909567504
2002,118965669043
2003,13331063743455
2004,1496880007
2006,1475384635519267
2006,1475384635519267
2007,1078917862104151
2009,8083370867131
2011,13589265916869402
2014,187363703
2015,424598263831
2017,894958052888
2018,2820375874203
2019,2584210037400
2020,232318988021
2021,88765750058
2023,126952149246623
2024,78707488411
2025,12838024484
2025,12838024484
2026,11523084070474
2027,45080945310281
2028,228991902
2029,90598628533
2030,1313996259551182
2032,338416470870
2036,6292108947879
2037,10965946042183
2038,4061833445
2039,50989368721367
2041,16367288952876
2042,17345087065720
2043,56004475435487
2043,56004475435487
2045,295106514347
2047,5044647822940193
2049,314536444158
2050,6103
2051,33369794246
2052,28495342130433
2053,8931938831732
2057,2139961
2061,13733632809202
2062,6669277175730
2063,24392428567
2063,24392428567
2063,24392428567
2064,35272811207155
2065,495718682835552
2067,1460107866837775
2070,41035178970513
2070,41035178970513
2071,69637
2075,110710799885297
2076,13072978571625
2077,1166757709109
2078,31708828485498
2079,16220
2080,21153322432381
2082,571377388028
2083,1712070755263
2084,3659749866532070
2085,380950870080390
2086,36832822822
2087,67059009382
2088,41423815284405
2088,41423815284405
2089,38483146443
2090,1732250072222
2093,55325595891
2094,752428854
2095,4644345957
2099,748011241210
2100,3393175252723
2100,3393175252723
2101,740298751071379
2102,1171387429229186
2103,1437553691630340
2104,39499988959420
2106,1109337457742
2108,2247222545426
2110,1400528084068
2112,2753201308634
2113,692778107135
2114,13012269706923
2114,13012269706923
2115,19679906288939
2116,2583489096162425
2117,1764332865338
2118,3979375284471
2120,762068517
2121,548624649317
2122,1112438269769140
2123,500442012
2123,500442012
2125,41464807927
2126,19221458728431
2127,46938367
2128,65120290500705
2129,399365957980765
2130,2102356705851875
2132,6790773
2132,6790773
2134,1861145069256184
2136,14635501663403
2137,15461082548624
2138,51652801
2139,112922969269845
2140,3604811321545377
2141,2035740729266875
2142,149051124833
2142,149051124833
2144,695675430679706
2145,109754828060
2147,17921870124849
2148,2263892926553
2148,2263892926553
2149,2241158706064
2149,2241158706064
2150,91358302
2151,61611930738
2151,61611930738
2152,3360138358141330
2153,493005312697
2154,224187566660637568
2154,224187566660637568
2155,1366808881
2156,7870917383861736
2160,5350485585659
2161,23957519445
2162,172851596458880
2163,486868396204
2164,13459269
2165,43315726
2166,173258173908
2167,21504261969
2170,1406053615208
2171,362197627153
2174,3553203025743497
2175,42181779346140
2176,119151666531809
2176,119151666531809
2178,1382719945899606
2179,1098374738113
2180,177392149729
2185,857131264780519
2186,2081390479818
2187,143642073750568
2187,143642073750568
2188,2356910106
2190,11347432
2192,20539919901289
2193,11491084619238
2194,28645919999085
2195,18462089476020
2195,18462089476020
2196,33451735487518
2196,33451735487518
2197,183304452042484
2198,853000019804
2199,130905040066830
2200,14152621047
2201,15195120452
2202,2378545258711
2203,22624239433282
2204,2608304022039633
2205,24235897745
2206,53124
2207,33699243662
2208,2649626376324
2209,26152418906
2210,1491142776100
2213,2705859437
2215,757563068670830
2216,119741359240309
2217,66354160018565
2218,227287124749
2219,3737563518207901
2221,212371615561
2222,823891051372135
2224,35803042623857
2226,11054265363499
2226,11054265363499
2227,25273561
2230,165136227491
2230,165136227491
2232,78052072005
2233,34545904895439
2234,1066727278237942
2235,535825553
2236,12687431778571
2237,1033277089785
2238,71459144469
2239,9120883020768
2240,1173215855
2241,126967437319133
2242,35879848660
2243,6617740374622
2244,292750917450
2245,153474854221
2246,6780079376357
2246,6780079376357
2247,10318786570580
2249,4196607
2250,3382261314456929
2251,362382678400
2254,296045956499
2254,296045956499
2255,4481547
2257,944848780069667
2259,43842118824
2264,972193854
2268,4617717383160
2269,475151
2269,475151
2270,9540814721679
2271,477975442
2273,2036444721976283
2274,25490179505703
2278,310257019917
2279,28350375737569
2282,1287186579135
2283,535258603874
2284,490977923039
2286,9208240054663
2287,507073597851
2287,507073597851
2288,22482942899
2289,1070073984638
2290,139883
2293,15240514551741
2293,15240514551741
2295,186270136
2296,740703352122
2299,1168558971
2300,20188380030792
2300,20188380030792
2303,2188624391440259
2303,2188624391440259
2304,33215715602
2305,7349379323593
2306,9116630314
2308,66418793338
2310,75019959068107
2310,75019959068107
2313,85182084395
2314,1130456937860
2315,35220545517951
2316,1551985754515
2318,11278971848420
2319,15238948
2320,88543786
2321,714952004454021
2322,18098959026
2323,1646729154668
2326,23750690486457
2328,140027350589180
2329,22342384
2330,30015266946
2331,748537820
2331,748537820
2332,42523932910
2333,615756413285
2335,1309751791198
2338,42199384503804
2339,8395233719
2339,8395233719
2340,16373508055
2341,58728914929
2343,336750211096
2345,7626261482076
2345,7626261482076
2346,1353169599419
2348,23695061740513
2349,945143165081
2355,122515877
2356,31403331533927
2357,1849498925566762
2358,545648112948090
2359,100715387527
2360,173475553666
2362,1195881766498893
2363,2294021933981
2368,156211393204123
2369,83021842200453
2371,55901042900391
2372,19884385675
2375,2612807986040651
2376,3381351780308
2377,4026398155410705
2377,4026398155410705
2379,109184433
2380,16144605294817
2381,3783137025
2382,404480268501
2383,88560156651
2384,74390859401
2386,2079622763911185
2388,3904939900600499
2389,29315928620
2390,1461898767819
2391,801486602741
2392,2182669593178
2393,6092876493497
2393,6092876493497
2394,15466522967
2395,18035979943926
2396,22537443042107
2397,89429168025139
2398,87448183739
2398,87448183739
2399,1705718386920
2399,1705718386920
2400,557981260515603
2402,143375300443446
2402,143375300443446
2403,1736166080038177
2405,522402180944
2406,3678786282975
2408,23551640807548
2409,2622350379
2411,5814206203111
2412,1515412122
2414,513200662857
2415,31085204135207
2416,8039470479932
2417,278336043317402
2418,34225155579666
2419,28784350
2420,53827160847058072
2421,45222745
2422,10602877791452
2425,1911290577221398
2427,350133546493
2428,13613235738525
2429,111728590
2431,862847785915
2432,70986013775
2433,1854024313688
2434,11645
2435,303080768758
2436,293858325995
2439,92079272867
2440,230750307482
2441,17668460211
2442,253374776685938
2443,913848319253
2444,347866547092
2446,22679824
2447,2756777187301607
2447,2756777187301607
2447,2756777187301607
2448,386693248826
2452,481213624
2453,389433697
2457,720405196042447
2459,94195645
2460,431191180772511
2461,796722720
2463,240091430180036
2465,2957183852714
2466,7498051695288
2467,709985848427
2469,943983722
2470,421542300
2471,23207172828
2472,37706502485689
2473,54999055655
2474,31652017575
2475,1264682579
2475,1264682579
2476,6088764749
2477,2266589906
2477,2266589906
2478,2359900262
2482,8983386468181
2482,8983386468181
2483,15174699573365
2484,3193113891
2486,31937402202
2487,5106676195
2489,579368396
2490,2273003071
2493,6985906869132938
2494,9548934066135
2495,71643378
2496,309251
2499,187903645585968
2500,3377699583330
2501,510113356
2502,6491808216
2503,42713830131746
2504,80107769937137
2504,80107769937137
2506,24167548343
2508,4577439530641192
2509,146440567
2510,804169119779
2510,804169119779
2511,36233207647
2512,2610258722312
2512,2610258722312
2514,225781396474
2519,453865144652
2520,184421169093
2523,15094107
2524,53500690490356
2525,1476
2526,31179072049
2528,10605968725
2529,3581051738
2531,106881023
2533,3059
2534,123218681745154
2536,6061240330
2537,45118682
2539,66199277989413
2542,3062234
2543,5146689560187
2544,4102416323692
2546,6280719513180
2547,46570071704548
2551,9829194559
2552,218582667808
2552,218582667808
2553,2269343928069
2557,114853
2558,367171810083
2559,10022623070
2560,1373569693857
2561,50073691
2563,19889836285932
2564,28170634517346
2565,3113
2568,4643
2568,4643
2572,228927
2573,81905272389
2574,9772550029
2575,336624482898820
2577,478066502466
2578,4732663173
2580,42236446
2581,2648765655452
2582,15552905
2583,296452663842
2584,1445920424
2585,5245252
2586,49777766
2589,4921
2592,404595896626
2593,1099513205338264
2594,2278929592825948
2597,26694379788490
2598,21925531008256
2599,98264900
2602,29380752014
2603,4824137592
2604,8259232
2605,21217107
2606,13103036166
2607,130536841858
2608,6085265366294
2609,335732609192
2610,82701862905
2612,1971660839
2613,962821473531
2613,962821473531
2616,610989249599
2617,47666046786600
2618,15911184400860744
2619,5483849266
2619,5483849266
2620,1625940763
2621,1548086441
2621,1548086441
2622,32894225230
2623,2877303135
2624,1243426437819702
2626,319216914298
2626,319216914298
2627,784467632028255
2628,1007231362121
2629,49305751441
2630,441904188
2630,441904188
2631,1990584633308
2632,10585896912
2633,14989106872
2634,75750415758
2635,75562267
2637,224175485193
2638,16567543
2639,2638213267219
2640,223351929378
2641,107088067968
2642,164249507277923
2643,5802807471
2644,84402461573
2645,3519387328064
2645,3519387328064
2646,127856721444
2646,127856721444
2647,47649347
2654,5133399330
2654,5133399330
2661,763182424616
2662,395318790626
2663,28585374351
2664,170991256416
2665,26855563492
2666,2280732977919233
2667,102383478573
2668,585238971276
2670,6178410504914
2671,8969700046548
2672,253483691
2673,6004614012940
2673,6004614012940
2674,176022994391
2675,10837670
2676,98029971135785
2677,2421742334
2678,261118980917
2679,517818944
2680,916557930
2681,125269034873
2682,151845829604
2682,151845829604
2683,180129242437
2684,399507145
2685,33713447748
2686,195058569188
2687,1047365872062
2688,24708244520687
2689,58069668760
2690,99379452
2691,57401678869
2691,57401678869
2692,108831362660
2693,127350738106804
2694,1557717369866
2695,22073701846628
2696,5017681105
2697,31920
2698,182569998396
2699,851884796546
2700,3882537765
2701,883215864913
2701,883215864913
2702,424547689
2703,102646363051998
2704,3755754034563287
2705,42926727857235
2707,154142024
2709,614634032125413
2710,26349150025
2711,287708426286817
2712,2381281622550
2713,4330871151
2713,4330871151
2714,470829867235
2715,14619557906836
2716,22237825759
2717,24407978361
2718,10735596240529
2719,786019971
2720,82322054845
2721,26317990038808
2722,21064104581
2723,62821331427038
2724,2288036925314
2725,7657
2726,56228926217
2728,358479525
2729,538006421
2732,38816477517
2733,32667651447662
2734,20326270967296
2735,40332636667777
2736,2369898165053
2738,2585797987558
2739,2416609153
2740,57535404489
2741,16041063098
2742,226956343
2745,33942663113310
2746,10405089922
2747,150490617865
2749,260697876949
2749,260697876949
2751,19556955
2752,128551472426708
2753,2853475243563
2754,49237233645
2756,3824344667500
2758,117629795291
2759,2017826
2760,43932184
2761,18269812893200
2762,9626954835
2762,9626954835
2763,535556520964
2764,115323411980
2766,41996724900
2767,8949492851438
2768,75880163
2769,7345882121
2770,33308387097
2771,441238290949027
2778,244425675037827
2779,350878207078953
2780,1998739112378
2781,3407799407501
2782,6300287251579
2783,6691219366839
2784,13924097063958
2785,17748848780
2786,17442202329616
2787,103640113808448
2787,103640113808448
2788,1144318224417
2790,106288196409209
2792,705376077789122
2795,635976011904794
2799,289590566058
2802,1035960145168
2803,32888383767062
2804,181070964
2807,98058855865768
2809,10715229
2810,28548819937
2812,2734257577719
2813,921903916932
2815,6360165880624
2819,48278802847852
2820,30978408861
2822,97923974835
2822,97923974835
2823,5649833415300
2824,14572755586477
2826,3700968310
2827,8888930453
2828,22785407268
2829,141171379
2830,8890172128
2832,1337706592723654
2833,44341968
2834,726724248092959
2835,551685766274
2836,285033707132
2837,7695540
2838,3076398887548
2839,63029706091763
2840,155344391531
2842,3136873
2843,5801413316
2844,89149254404131
2846,216168006697
2847,409538794894975
2848,987029141
2849,62059101431683
2850,3959650130
2850,3959650130
2851,10641410794438
2853,315797452
2854,14545892330
2856,29413280460
2858,826199666939
2861,819906659960675
2862,32864953509
2864,280166469894683
2865,126435811638
2866,46604702993
2867,722302604440389
2868,35282903407
2869,45450252741
2870,52286530935576
2871,173154051
2872,1251448396
2873,28663
2875,15839706454505
2876,9271
2877,3067961497770
2878,9771977902
2880,110479
2881,106503537192
2883,131381802678
2885,369443229016
2889,1441191853049
2890,543888144422
2893,12456514814224
2894,769732687
2896,6766797
2897,561920471
2899,51090872377
2900,52242980740
2900,52242980740
2902,12444743108
2904,37459478
2905,55177775180772
2906,9377526868865
2907,7525658337
2908,27773997948
2909,15431021033411736
2911,43712863919919
2912,2054450548
2913,401820083368
2914,6340
2915,2250460258
2916,19835705927
2917,409642136144
2919,1954412736903
2920,3367842160
2923,56866941047958
2925,66085990461369
2926,11090
2927,19202652191724
2928,1984354218674
2929,3901799
2934,476576947256296
2935,923024214
2936,270787518050
2938,4218004
2939,4483777160
2940,6859027349247
2941,236218241296
2942,20384760029503
2943,21172066300940
2944,42613584688052464
2945,3450418183
2945,3450418183
2947,47459098982
2948,243194952336
2950,365960951225
2952,2212711289838
2953,545678928489486
2955,197766247185
2956,39963689336
2957,28254223939
2959,979308997090
2959,979308997090
2961,74754974490873
2963,2146708541173644
2964,499838023
2964,499838023
2965,510906306712331
2966,1068460040
2968,62003460
2969,4695
2970,26901841
2971,6793153915
2972,14745341172443
2973,1202070512642014
2974,7681774112840
2975,7718657634925
2978,752983881757864
2980,805997022
2981,72882801848
2983,742953418126121
2984,7026764128
2985,16850688
2986,1155572078687
2987,12863675659790
2988,15682511841846
2988,15682511841846
2989,48356723473742
2990,1884279
2991,1003891
2992,3155430653573
2994,16976594457457
2995,789843664684268
2997,62676288704
2999,94445084204
3000,18990063288
